household_type,income_group,year,federal_tax,individual_income_tax,payroll_tax,corporate_income_tax,excise_tax
all_households,all_quintiles,1979,22.4,11.1,6.9,3.4,1.0
all_households,all_quintiles,1980,22.4,11.8,7.0,2.8,0.8
all_households,all_quintiles,1981,22.6,12.1,7.5,2.2,0.8
all_households,all_quintiles,1982,20.8,11.1,7.6,1.4,0.8
all_households,all_quintiles,1983,20.5,10.3,7.5,1.8,0.9
all_households,all_quintiles,1984,20.8,10.1,7.7,2.0,1.0
all_households,all_quintiles,1985,20.9,10.2,7.9,1.9,0.9
all_households,all_quintiles,1986,21.0,10.4,7.8,1.9,0.9
all_households,all_quintiles,1987,21.8,10.3,8.1,2.4,0.9
all_households,all_quintiles,1988,21.9,10.5,8.2,2.4,0.9
all_households,all_quintiles,1989,21.6,10.3,8.2,2.3,0.8
all_households,all_quintiles,1990,21.7,10.2,8.4,2.2,0.9
all_households,all_quintiles,1991,21.6,9.9,8.7,2.0,1.0
all_households,all_quintiles,1992,21.6,10.0,8.5,2.2,1.0
all_households,all_quintiles,1993,22.1,10.1,8.5,2.5,1.0
all_households,all_quintiles,1994,22.5,10.1,8.6,2.7,1.1
all_households,all_quintiles,1995,22.7,10.3,8.5,2.8,1.0
all_households,all_quintiles,1996,22.9,10.7,8.3,2.9,0.9
all_households,all_quintiles,1997,23.0,11.1,8.2,2.9,0.9
all_households,all_quintiles,1998,22.7,11.0,8.2,2.6,0.9
all_households,all_quintiles,1999,23.1,11.5,8.1,2.5,1.0
all_households,all_quintiles,2000,23.1,11.8,8.0,2.4,0.9
all_households,all_quintiles,2001,21.6,10.5,8.5,1.8,0.9
all_households,all_quintiles,2002,20.8,9.7,8.5,1.6,0.9
all_households,all_quintiles,2003,19.9,8.5,8.4,2.2,0.8
all_households,all_quintiles,2004,20.3,8.8,8.1,2.6,0.8
all_households,all_quintiles,2005,20.8,9.1,7.7,3.3,0.8
all_households,all_quintiles,2006,20.9,9.2,7.5,3.5,0.7
all_households,all_quintiles,2007,20.5,9.4,7.5,3.0,0.6
all_households,all_quintiles,2008,18.5,8.0,8.0,1.9,0.6
all_households,all_quintiles,2009,17.9,7.5,8.3,1.5,0.6
all_households,all_quintiles,2010,18.6,7.9,7.9,2.1,0.6
all_households,all_quintiles,2011,18.3,8.7,6.9,2.0,0.7
all_households,all_quintiles,2012,18.9,9.2,6.7,2.3,0.7
all_households,all_quintiles,2013,20.7,9.6,7.9,2.5,0.7
all_households,all_quintiles,2014,21.2,10.0,7.7,2.7,0.7
all_households,lowest_quintile,1979,9.3,-0.2,6.0,1.5,1.9
all_households,lowest_quintile,1980,8.9,,6.0,1.2,1.6
all_households,lowest_quintile,1981,9.6,0.4,6.7,1.0,1.5
all_households,lowest_quintile,1982,9.8,0.4,7.1,0.7,1.7
all_households,lowest_quintile,1983,11.1,0.4,7.4,0.9,2.4
all_households,lowest_quintile,1984,12.1,0.8,7.6,1.0,2.6
all_households,lowest_quintile,1985,11.8,0.6,7.8,0.8,2.6
all_households,lowest_quintile,1986,11.7,0.4,8.0,0.9,2.4
all_households,lowest_quintile,1987,10.7,-0.7,7.8,1.1,2.6
all_households,lowest_quintile,1988,10.2,-1.4,8.1,1.1,2.4
all_households,lowest_quintile,1989,9.6,-1.9,8.3,1.0,2.2
all_households,lowest_quintile,1990,10.7,-1.2,8.6,1.0,2.3
all_households,lowest_quintile,1991,10.2,-2.1,8.8,0.9,2.6
all_households,lowest_quintile,1992,10.0,-2.7,9.0,1.0,2.7
all_households,lowest_quintile,1993,10.0,-3.2,9.1,1.1,3.0
all_households,lowest_quintile,1994,8.2,-5.1,9.0,1.2,3.1
all_households,lowest_quintile,1995,7.6,-5.7,9.2,1.2,2.8
all_households,lowest_quintile,1996,6.8,-6.4,9.4,1.2,2.7
all_households,lowest_quintile,1997,7.0,-6.2,9.4,1.1,2.6
all_households,lowest_quintile,1998,6.9,-6.1,9.5,1.0,2.5
all_households,lowest_quintile,1999,7.2,-5.7,9.2,1.0,2.6
all_households,lowest_quintile,2000,6.6,-6.1,9.3,1.0,2.4
all_households,lowest_quintile,2001,6.1,-6.5,9.4,0.7,2.5
all_households,lowest_quintile,2002,5.6,-7.0,9.4,0.6,2.5
all_households,lowest_quintile,2003,5.7,-7.0,9.3,0.8,2.6
all_households,lowest_quintile,2004,5.3,-7.2,9.3,1.0,2.2
all_households,lowest_quintile,2005,5.5,-7.5,9.4,1.2,2.4
all_households,lowest_quintile,2006,5.9,-7.5,9.7,1.3,2.4
all_households,lowest_quintile,2007,5.3,-7.5,9.8,1.1,1.8
all_households,lowest_quintile,2008,0.9,-11.6,9.8,0.7,2.0
all_households,lowest_quintile,2009,-0.3,-12.8,9.8,0.6,2.1
all_households,lowest_quintile,2010,0.1,-12.9,9.9,0.8,2.4
all_households,lowest_quintile,2011,0.6,-11.0,8.5,0.7,2.4
all_households,lowest_quintile,2012,0.9,-10.9,8.5,0.8,2.5
all_households,lowest_quintile,2013,2.3,-11.0,9.9,0.9,2.5
all_households,lowest_quintile,2014,1.9,-11.5,9.8,1.0,2.6
all_households,second_quintile,1979,15.0,4.1,7.7,1.8,1.3
all_households,second_quintile,1980,14.7,4.5,7.6,1.5,1.1
all_households,second_quintile,1981,15.2,4.9,8.2,1.1,1.0
all_households,second_quintile,1982,14.0,4.3,8.0,0.7,1.1
all_households,second_quintile,1983,14.0,3.9,7.9,0.9,1.3
all_households,second_quintile,1984,14.9,4.1,8.4,1.0,1.4
all_households,second_quintile,1985,15.1,4.1,8.7,1.0,1.4
all_households,second_quintile,1986,15.0,4.0,8.7,0.9,1.3
all_households,second_quintile,1987,14.3,3.2,8.5,1.3,1.4
all_households,second_quintile,1988,14.7,3.2,8.9,1.2,1.4
all_households,second_quintile,1989,14.3,3.0,8.9,1.2,1.2
all_households,second_quintile,1990,15.0,3.4,9.2,1.1,1.2
all_households,second_quintile,1991,14.5,3.0,9.0,1.0,1.4
all_households,second_quintile,1992,13.9,2.6,8.8,1.0,1.5
all_households,second_quintile,1993,13.8,2.5,8.6,1.2,1.5
all_households,second_quintile,1994,13.5,2.0,8.6,1.2,1.7
all_households,second_quintile,1995,13.8,2.1,8.8,1.3,1.6
all_households,second_quintile,1996,13.7,2.0,9.0,1.3,1.5
all_households,second_quintile,1997,14.0,2.3,9.1,1.2,1.5
all_households,second_quintile,1998,13.4,1.7,9.2,1.1,1.4
all_households,second_quintile,1999,13.7,1.7,9.3,1.1,1.6
all_households,second_quintile,2000,13.6,1.8,9.2,1.1,1.4
all_households,second_quintile,2001,11.8,0.5,9.2,0.8,1.4
all_households,second_quintile,2002,11.0,,8.9,0.7,1.4
all_households,second_quintile,2003,10.1,-0.9,8.8,0.9,1.4
all_households,second_quintile,2004,10.3,-0.7,8.6,1.0,1.3
all_households,second_quintile,2005,10.5,-0.7,8.7,1.3,1.3
all_households,second_quintile,2006,10.6,-0.6,8.7,1.3,1.2
all_households,second_quintile,2007,11.0,-0.2,9.0,1.2,1.0
all_households,second_quintile,2008,7.8,-2.7,8.8,0.7,1.0
all_households,second_quintile,2009,7.2,-2.8,8.4,0.6,1.0
all_households,second_quintile,2010,7.8,-2.4,8.4,0.7,1.1
all_households,second_quintile,2011,7.7,-1.5,7.3,0.7,1.1
all_households,second_quintile,2012,7.7,-1.5,7.3,0.8,1.2
all_households,second_quintile,2013,9.1,-1.3,8.4,0.9,1.2
all_households,second_quintile,2014,9.1,-1.6,8.5,0.9,1.2
all_households,middle_quintile,1979,19.1,7.4,8.5,2.0,1.1
all_households,middle_quintile,1980,19.0,7.9,8.5,1.7,0.9
all_households,middle_quintile,1981,19.4,8.2,9.0,1.4,0.9
all_households,middle_quintile,1982,18.1,7.4,8.9,0.9,0.9
all_households,middle_quintile,1983,17.5,6.7,8.8,1.1,1.0
all_households,middle_quintile,1984,18.0,6.6,9.1,1.3,1.1
all_households,middle_quintile,1985,18.2,6.5,9.4,1.1,1.1
all_households,middle_quintile,1986,18.2,6.5,9.4,1.2,1.1
all_households,middle_quintile,1987,17.8,5.8,9.3,1.5,1.1
all_households,middle_quintile,1988,18.2,5.9,9.7,1.5,1.1
all_households,middle_quintile,1989,18.1,5.9,9.7,1.4,1.0
all_households,middle_quintile,1990,18.2,6.0,9.8,1.3,1.0
all_households,middle_quintile,1991,17.8,5.8,9.6,1.3,1.2
all_households,middle_quintile,1992,17.7,5.5,9.6,1.3,1.2
all_households,middle_quintile,1993,17.6,5.4,9.6,1.4,1.2
all_households,middle_quintile,1994,17.8,5.4,9.6,1.6,1.3
all_households,middle_quintile,1995,17.8,5.4,9.6,1.6,1.3
all_households,middle_quintile,1996,17.8,5.4,9.6,1.6,1.2
all_households,middle_quintile,1997,18.1,5.6,9.8,1.6,1.1
all_households,middle_quintile,1998,17.4,5.1,9.7,1.4,1.2
all_households,middle_quintile,1999,17.5,5.1,9.8,1.4,1.3
all_households,middle_quintile,2000,17.3,5.1,9.7,1.4,1.1
all_households,middle_quintile,2001,15.7,4.0,9.7,1.0,1.1
all_households,middle_quintile,2002,15.1,3.6,9.5,0.9,1.1
all_households,middle_quintile,2003,14.3,2.8,9.3,1.1,1.1
all_households,middle_quintile,2004,14.6,3.0,9.3,1.2,1.0
all_households,middle_quintile,2005,14.8,3.0,9.3,1.6,1.0
all_households,middle_quintile,2006,14.9,3.0,9.2,1.7,0.9
all_households,middle_quintile,2007,14.8,3.3,9.3,1.4,0.8
all_households,middle_quintile,2008,12.2,1.4,9.2,0.9,0.8
all_households,middle_quintile,2009,11.8,1.4,8.9,0.7,0.8
all_households,middle_quintile,2010,12.1,1.7,8.7,0.9,0.8
all_households,middle_quintile,2011,12.0,2.7,7.6,0.9,0.9
all_households,middle_quintile,2012,12.2,2.8,7.6,0.9,0.9
all_households,middle_quintile,2013,13.7,2.9,8.8,1.1,0.9
all_households,middle_quintile,2014,14.0,2.9,9.0,1.1,1.0
all_households,fourth_quintile,1979,21.7,10.1,8.5,2.2,0.9
all_households,fourth_quintile,1980,21.8,10.7,8.5,1.9,0.8
all_households,fourth_quintile,1981,22.3,11.0,9.1,1.5,0.7
all_households,fourth_quintile,1982,20.6,10.0,9.0,0.9,0.8
all_households,fourth_quintile,1983,20.1,9.0,9.0,1.2,0.9
all_households,fourth_quintile,1984,20.3,8.8,9.2,1.4,1.0
all_households,fourth_quintile,1985,20.5,8.8,9.5,1.3,0.9
all_households,fourth_quintile,1986,20.6,8.8,9.7,1.3,0.9
all_households,fourth_quintile,1987,20.4,8.1,9.7,1.7,0.9
all_households,fourth_quintile,1988,20.8,8.2,10.1,1.6,0.9
all_households,fourth_quintile,1989,20.8,8.3,10.0,1.6,0.9
all_households,fourth_quintile,1990,20.8,8.2,10.1,1.5,0.9
all_households,fourth_quintile,1991,20.5,8.1,10.1,1.4,1.0
all_households,fourth_quintile,1992,20.3,7.8,10.0,1.5,1.0
all_households,fourth_quintile,1993,20.3,7.7,10.0,1.6,1.0
all_households,fourth_quintile,1994,20.7,7.8,10.1,1.7,1.1
all_households,fourth_quintile,1995,20.7,7.8,10.1,1.8,1.1
all_households,fourth_quintile,1996,20.7,7.9,10.0,1.8,0.9
all_households,fourth_quintile,1997,20.7,8.0,10.0,1.8,0.9
all_households,fourth_quintile,1998,20.6,7.9,10.1,1.6,0.9
all_households,fourth_quintile,1999,20.7,8.0,10.1,1.6,1.0
all_households,fourth_quintile,2000,20.7,8.1,10.1,1.5,0.9
all_households,fourth_quintile,2001,19.3,7.1,10.1,1.1,0.9
all_households,fourth_quintile,2002,18.5,6.7,9.9,1.0,0.9
all_households,fourth_quintile,2003,17.8,5.9,9.9,1.2,0.9
all_households,fourth_quintile,2004,18.0,5.9,9.8,1.4,0.9
all_households,fourth_quintile,2005,18.3,6.0,9.7,1.8,0.8
all_households,fourth_quintile,2006,18.3,6.0,9.6,1.9,0.7
all_households,fourth_quintile,2007,18.1,6.2,9.6,1.6,0.7
all_households,fourth_quintile,2008,16.0,4.8,9.6,1.0,0.6
all_households,fourth_quintile,2009,15.5,4.7,9.3,0.8,0.6
all_households,fourth_quintile,2010,16.0,5.1,9.2,1.0,0.6
all_households,fourth_quintile,2011,15.7,6.0,8.0,1.0,0.7
all_households,fourth_quintile,2012,15.9,6.1,8.0,1.1,0.7
all_households,fourth_quintile,2013,17.4,6.2,9.2,1.3,0.7
all_households,fourth_quintile,2014,17.8,6.4,9.3,1.3,0.8
all_households,highest_quintile,1979,27.1,15.9,5.5,5.0,0.7
all_households,highest_quintile,1980,26.9,16.6,5.6,4.1,0.6
all_households,highest_quintile,1981,26.6,16.7,6.1,3.2,0.6
all_households,highest_quintile,1982,24.2,15.3,6.3,1.9,0.6
all_households,highest_quintile,1983,23.6,14.1,6.3,2.5,0.7
all_households,highest_quintile,1984,23.7,13.9,6.4,2.8,0.7
all_households,highest_quintile,1985,23.7,14.0,6.5,2.6,0.7
all_households,highest_quintile,1986,23.5,14.2,6.1,2.6,0.6
all_households,highest_quintile,1987,25.6,14.9,6.7,3.3,0.7
all_households,highest_quintile,1988,25.4,14.9,6.6,3.2,0.6
all_households,highest_quintile,1989,25.0,14.7,6.6,3.1,0.6
all_households,highest_quintile,1990,24.9,14.5,6.9,3.0,0.6
all_households,highest_quintile,1991,25.2,14.4,7.4,2.7,0.7
all_households,highest_quintile,1992,25.4,14.6,7.2,3.0,0.7
all_households,highest_quintile,1993,26.5,14.9,7.3,3.5,0.7
all_households,highest_quintile,1994,27.1,15.1,7.5,3.7,0.7
all_households,highest_quintile,1995,27.5,15.6,7.3,4.0,0.7
all_households,highest_quintile,1996,27.7,16.1,6.9,4.0,0.6
all_households,highest_quintile,1997,27.7,16.4,6.7,4.0,0.6
all_households,highest_quintile,1998,27.4,16.6,6.6,3.6,0.6
all_households,highest_quintile,1999,27.8,17.2,6.5,3.5,0.6
all_households,highest_quintile,2000,27.8,17.6,6.3,3.3,0.5
all_households,highest_quintile,2001,26.6,16.5,7.2,2.5,0.5
all_households,highest_quintile,2002,25.9,15.6,7.4,2.3,0.5
all_households,highest_quintile,2003,24.8,13.8,7.3,3.1,0.5
all_households,highest_quintile,2004,25.1,14.0,6.7,3.8,0.5
all_households,highest_quintile,2005,25.5,14.2,6.2,4.7,0.5
all_households,highest_quintile,2006,25.5,14.3,6.0,4.9,0.4
all_households,highest_quintile,2007,24.8,14.5,5.8,4.1,0.4
all_households,highest_quintile,2008,23.7,14.1,6.6,2.7,0.4
all_households,highest_quintile,2009,23.2,13.4,7.2,2.2,0.4
all_households,highest_quintile,2010,24.0,13.8,6.8,3.0,0.4
all_households,highest_quintile,2011,23.5,14.2,5.9,2.9,0.4
all_households,highest_quintile,2012,24.0,14.7,5.6,3.3,0.4
all_households,highest_quintile,2013,26.3,15.5,6.7,3.6,0.4
all_households,highest_quintile,2014,26.7,16.0,6.4,3.8,0.5
all_households,percentiles_81_90,1979,23.6,12.3,7.9,2.6,0.9
all_households,percentiles_81_90,1980,24.0,13.1,7.9,2.2,0.7
all_households,percentiles_81_90,1981,24.5,13.5,8.6,1.7,0.7
all_households,percentiles_81_90,1982,22.6,12.2,8.6,1.1,0.7
all_households,percentiles_81_90,1983,22.0,11.1,8.8,1.4,0.8
all_households,percentiles_81_90,1984,22.1,10.7,9.0,1.6,0.8
all_households,percentiles_81_90,1985,22.3,10.8,9.3,1.4,0.8
all_households,percentiles_81_90,1986,22.5,10.8,9.5,1.4,0.8
all_households,percentiles_81_90,1987,22.8,10.6,9.6,1.8,0.8
all_households,percentiles_81_90,1988,23.1,10.6,9.9,1.8,0.8
all_households,percentiles_81_90,1989,23.0,10.7,9.7,1.8,0.8
all_households,percentiles_81_90,1990,23.0,10.6,10.0,1.7,0.8
all_households,percentiles_81_90,1991,22.9,10.4,10.0,1.5,0.8
all_households,percentiles_81_90,1992,22.7,10.2,10.1,1.6,0.9
all_households,percentiles_81_90,1993,22.7,10.0,10.0,1.8,0.9
all_households,percentiles_81_90,1994,23.1,10.2,10.1,1.9,0.9
all_households,percentiles_81_90,1995,23.3,10.4,9.9,2.1,0.9
all_households,percentiles_81_90,1996,23.2,10.4,9.8,2.2,0.8
all_households,percentiles_81_90,1997,23.5,10.7,9.9,2.1,0.8
all_households,percentiles_81_90,1998,23.4,10.8,10.0,1.8,0.8
all_households,percentiles_81_90,1999,23.7,11.0,10.0,1.8,0.9
all_households,percentiles_81_90,2000,23.7,11.3,9.9,1.8,0.8
all_households,percentiles_81_90,2001,22.5,10.3,10.3,1.2,0.8
all_households,percentiles_81_90,2002,21.8,9.8,10.2,1.1,0.7
all_households,percentiles_81_90,2003,20.8,8.5,10.1,1.4,0.7
all_households,percentiles_81_90,2004,20.9,8.6,9.9,1.6,0.7
all_households,percentiles_81_90,2005,21.0,8.6,9.7,2.1,0.7
all_households,percentiles_81_90,2006,21.2,8.7,9.6,2.3,0.6
all_households,percentiles_81_90,2007,20.9,8.9,9.5,1.9,0.6
all_households,percentiles_81_90,2008,19.3,7.9,9.7,1.1,0.5
all_households,percentiles_81_90,2009,18.9,7.7,9.7,0.9,0.5
all_households,percentiles_81_90,2010,19.4,8.2,9.5,1.2,0.5
all_households,percentiles_81_90,2011,18.9,8.9,8.3,1.2,0.5
all_households,percentiles_81_90,2012,19.2,9.1,8.3,1.3,0.6
all_households,percentiles_81_90,2013,20.9,9.3,9.4,1.6,0.6
all_households,percentiles_81_90,2014,21.2,9.4,9.4,1.7,0.7
all_households,percentiles_91_95,1979,25.2,14.1,7.1,3.1,0.8
all_households,percentiles_91_95,1980,25.5,15.1,7.0,2.8,0.7
all_households,percentiles_91_95,1981,25.8,15.4,7.7,2.1,0.6
all_households,percentiles_91_95,1982,23.7,13.8,8.1,1.2,0.6
all_households,percentiles_91_95,1983,22.9,12.6,7.9,1.6,0.7
all_households,percentiles_91_95,1984,23.0,12.3,8.1,1.8,0.8
all_households,percentiles_91_95,1985,23.2,12.4,8.4,1.7,0.7
all_households,percentiles_91_95,1986,23.4,12.4,8.6,1.6,0.7
all_households,percentiles_91_95,1987,24.5,12.8,8.7,2.2,0.8
all_households,percentiles_91_95,1988,24.4,12.5,9.0,2.1,0.7
all_households,percentiles_91_95,1989,24.2,12.6,8.8,2.1,0.7
all_households,percentiles_91_95,1990,24.1,12.3,9.1,2.0,0.7
all_households,percentiles_91_95,1991,24.2,12.2,9.4,1.8,0.7
all_households,percentiles_91_95,1992,24.1,12.1,9.3,2.0,0.8
all_households,percentiles_91_95,1993,24.4,11.9,9.3,2.3,0.8
all_households,percentiles_91_95,1994,24.8,12.2,9.5,2.3,0.8
all_households,percentiles_91_95,1995,25.2,12.4,9.5,2.5,0.8
all_households,percentiles_91_95,1996,25.1,12.6,9.1,2.6,0.7
all_households,percentiles_91_95,1997,25.2,12.9,9.0,2.6,0.7
all_households,percentiles_91_95,1998,25.2,13.2,9.0,2.3,0.7
all_households,percentiles_91_95,1999,25.5,13.5,8.9,2.3,0.8
all_households,percentiles_91_95,2000,25.5,13.7,9.0,2.1,0.7
all_households,percentiles_91_95,2001,24.6,12.9,9.6,1.4,0.6
all_households,percentiles_91_95,2002,23.8,12.3,9.6,1.3,0.6
all_households,percentiles_91_95,2003,22.7,10.9,9.6,1.6,0.6
all_households,percentiles_91_95,2004,22.9,10.9,9.4,2.0,0.6
all_households,percentiles_91_95,2005,23.0,10.9,8.9,2.6,0.6
all_households,percentiles_91_95,2006,23.1,11.0,8.7,2.8,0.5
all_households,percentiles_91_95,2007,22.7,11.2,8.6,2.4,0.5
all_households,percentiles_91_95,2008,21.8,10.8,9.2,1.4,0.5
all_households,percentiles_91_95,2009,21.2,10.3,9.3,1.1,0.5
all_households,percentiles_91_95,2010,21.7,10.8,9.1,1.5,0.4
all_households,percentiles_91_95,2011,21.2,11.3,7.9,1.4,0.5
all_households,percentiles_91_95,2012,21.6,11.6,7.9,1.6,0.5
all_households,percentiles_91_95,2013,23.2,11.6,9.1,1.9,0.5
all_households,percentiles_91_95,2014,23.4,11.9,8.8,2.1,0.6
all_households,percentiles_96_99,1979,27.1,16.8,4.4,5.2,0.7
all_households,percentiles_96_99,1980,27.4,17.9,4.7,4.2,0.6
all_households,percentiles_96_99,1981,27.2,18.2,5.2,3.3,0.5
all_households,percentiles_96_99,1982,24.5,16.6,5.6,1.8,0.5
all_households,percentiles_96_99,1983,23.5,14.8,5.7,2.4,0.6
all_households,percentiles_96_99,1984,23.5,14.5,5.8,2.6,0.7
all_households,percentiles_96_99,1985,23.6,14.6,6.0,2.4,0.6
all_households,percentiles_96_99,1986,23.5,14.8,5.8,2.4,0.6
all_households,percentiles_96_99,1987,25.9,15.9,6.1,3.3,0.6
all_households,percentiles_96_99,1988,25.5,15.6,6.2,3.1,0.6
all_households,percentiles_96_99,1989,25.3,15.6,6.1,3.0,0.6
all_households,percentiles_96_99,1990,25.2,15.3,6.5,2.9,0.6
all_households,percentiles_96_99,1991,25.5,15.0,7.2,2.6,0.6
all_households,percentiles_96_99,1992,25.6,15.1,7.1,2.8,0.6
all_households,percentiles_96_99,1993,26.4,15.2,7.3,3.3,0.7
all_households,percentiles_96_99,1994,26.7,15.4,7.3,3.4,0.7
all_households,percentiles_96_99,1995,27.2,15.9,7.0,3.7,0.6
all_households,percentiles_96_99,1996,27.4,16.4,6.7,3.7,0.6
all_households,percentiles_96_99,1997,27.6,16.8,6.5,3.7,0.6
all_households,percentiles_96_99,1998,27.4,17.2,6.4,3.2,0.6
all_households,percentiles_96_99,1999,28.0,17.7,6.4,3.2,0.6
all_households,percentiles_96_99,2000,28.0,18.1,6.4,3.0,0.5
all_households,percentiles_96_99,2001,26.7,17.1,7.1,2.1,0.5
all_households,percentiles_96_99,2002,26.1,16.3,7.4,1.9,0.5
all_households,percentiles_96_99,2003,25.1,14.6,7.4,2.5,0.5
all_households,percentiles_96_99,2004,25.4,15.0,6.9,3.0,0.5
all_households,percentiles_96_99,2005,25.9,15.3,6.3,3.9,0.5
all_households,percentiles_96_99,2006,25.9,15.3,6.2,4.0,0.4
all_households,percentiles_96_99,2007,25.4,15.6,6.0,3.4,0.4
all_households,percentiles_96_99,2008,24.6,15.4,6.8,2.0,0.4
all_households,percentiles_96_99,2009,24.2,14.7,7.5,1.6,0.4
all_households,percentiles_96_99,2010,24.8,15.2,7.2,2.0,0.4
all_households,percentiles_96_99,2011,24.3,15.7,6.2,2.0,0.4
all_households,percentiles_96_99,2012,24.8,16.1,6.0,2.3,0.4
all_households,percentiles_96_99,2013,26.3,16.1,6.9,2.8,0.4
all_households,percentiles_96_99,2014,26.7,16.6,6.7,3.0,0.4
all_households,top_1_percent,1979,35.1,22.6,1.0,11.0,0.5
all_households,top_1_percent,1980,33.1,22.9,1.1,8.6,0.4
all_households,top_1_percent,1981,30.5,21.9,1.3,6.9,0.4
all_households,top_1_percent,1982,26.8,20.6,1.6,4.3,0.3
all_households,top_1_percent,1983,26.8,19.7,1.5,5.1,0.4
all_households,top_1_percent,1984,27.0,19.5,1.4,5.6,0.4
all_households,top_1_percent,1985,26.1,19.1,1.4,5.1,0.4
all_households,top_1_percent,1986,24.7,18.6,1.1,4.6,0.4
all_households,top_1_percent,1987,30.1,21.8,1.6,6.2,0.4
all_households,top_1_percent,1988,28.6,21.1,1.3,5.8,0.4
all_households,top_1_percent,1989,27.9,20.4,1.5,5.8,0.3
all_households,top_1_percent,1990,27.7,20.3,1.6,5.6,0.3
all_households,top_1_percent,1991,28.9,21.0,2.2,5.4,0.4
all_households,top_1_percent,1992,29.6,21.6,1.9,5.7,0.3
all_households,top_1_percent,1993,33.2,23.7,2.1,7.0,0.4
all_households,top_1_percent,1994,34.4,23.7,2.7,7.7,0.4
all_households,top_1_percent,1995,34.9,24.4,2.4,7.7,0.3
all_households,top_1_percent,1996,34.8,24.8,2.3,7.5,0.3
all_households,top_1_percent,1997,33.8,24.4,2.1,7.0,0.3
all_households,top_1_percent,1998,32.4,23.9,2.0,6.3,0.3
all_households,top_1_percent,1999,32.6,24.5,2.0,5.9,0.3
all_households,top_1_percent,2000,32.3,24.7,2.0,5.4,0.2
all_households,top_1_percent,2001,32.0,24.6,2.4,4.8,0.2
all_households,top_1_percent,2002,31.9,24.2,2.5,4.9,0.3
all_households,top_1_percent,2003,30.3,21.0,2.4,6.7,0.3
all_households,top_1_percent,2004,30.0,20.2,2.0,7.5,0.3
all_households,top_1_percent,2005,30.2,19.8,1.7,8.4,0.2
all_households,top_1_percent,2006,29.8,19.5,1.6,8.5,0.2
all_households,top_1_percent,2007,28.2,19.5,1.6,7.0,0.1
all_households,top_1_percent,2008,28.1,20.5,2.0,5.3,0.2
all_households,top_1_percent,2009,28.7,21.1,2.5,5.0,0.2
all_households,top_1_percent,2010,29.2,20.2,2.2,6.6,0.2
all_households,top_1_percent,2011,29.0,20.3,2.1,6.4,0.2
all_households,top_1_percent,2012,28.5,19.9,1.7,6.7,0.2
all_households,top_1_percent,2013,33.6,23.7,2.4,7.3,0.2
all_households,top_1_percent,2014,33.6,24.0,2.1,7.3,0.2
hh_with_children,all_quintiles,1979,22.0,10.6,7.9,2.5,1.0
hh_with_children,all_quintiles,1980,22.2,11.2,8.0,2.0,0.8
hh_with_children,all_quintiles,1981,22.8,11.6,8.8,1.6,0.8
hh_with_children,all_quintiles,1982,21.3,10.5,9.0,1.0,0.8
hh_with_children,all_quintiles,1983,21.2,10.0,9.0,1.3,1.0
hh_with_children,all_quintiles,1984,21.7,9.9,9.3,1.5,1.0
hh_with_children,all_quintiles,1985,21.5,9.6,9.6,1.3,1.0
hh_with_children,all_quintiles,1986,21.7,10.2,9.2,1.4,0.9
hh_with_children,all_quintiles,1987,22.2,9.9,9.5,1.8,0.9
hh_with_children,all_quintiles,1988,22.2,9.8,9.7,1.7,0.9
hh_with_children,all_quintiles,1989,22.0,9.8,9.7,1.7,0.8
hh_with_children,all_quintiles,1990,22.1,9.5,10.1,1.5,0.9
hh_with_children,all_quintiles,1991,22.3,9.4,10.4,1.5,1.0
hh_with_children,all_quintiles,1992,22.1,9.3,10.2,1.6,1.0
hh_with_children,all_quintiles,1993,22.8,9.7,10.2,1.9,1.1
hh_with_children,all_quintiles,1994,22.9,9.5,10.3,1.9,1.1
hh_with_children,all_quintiles,1995,23.1,9.8,10.1,2.2,1.1
hh_with_children,all_quintiles,1996,23.0,10.0,9.9,2.1,1.0
hh_with_children,all_quintiles,1997,23.2,10.3,9.8,2.2,0.9
hh_with_children,all_quintiles,1998,22.8,10.1,9.7,2.0,0.9
hh_with_children,all_quintiles,1999,23.2,10.7,9.5,2.0,1.0
hh_with_children,all_quintiles,2000,23.4,11.3,9.3,2.0,0.9
hh_with_children,all_quintiles,2001,21.9,9.7,9.9,1.4,0.9
hh_with_children,all_quintiles,2002,21.1,9.0,9.9,1.3,0.9
hh_with_children,all_quintiles,2003,20.0,7.6,9.6,1.9,0.8
hh_with_children,all_quintiles,2004,20.4,8.0,9.3,2.2,0.8
hh_with_children,all_quintiles,2005,20.8,8.2,9.0,2.8,0.7
hh_with_children,all_quintiles,2006,21.0,8.6,8.7,3.1,0.6
hh_with_children,all_quintiles,2007,20.7,8.9,8.6,2.6,0.5
hh_with_children,all_quintiles,2008,18.8,7.3,9.2,1.7,0.6
hh_with_children,all_quintiles,2009,18.1,6.6,9.6,1.3,0.6
hh_with_children,all_quintiles,2010,19.0,7.3,9.1,2.0,0.6
hh_with_children,all_quintiles,2011,18.6,8.0,8.1,1.9,0.6
hh_with_children,all_quintiles,2012,19.2,8.7,7.7,2.1,0.6
hh_with_children,all_quintiles,2013,21.5,9.3,9.2,2.3,0.7
hh_with_children,all_quintiles,2014,21.9,9.7,9.0,2.5,0.7
hh_with_children,lowest_quintile,1979,12.0,-0.8,9.1,1.6,2.1
hh_with_children,lowest_quintile,1980,11.6,-0.5,8.9,1.3,1.8
hh_with_children,lowest_quintile,1981,12.7,0.1,9.8,1.1,1.7
hh_with_children,lowest_quintile,1982,12.5,0.2,9.7,0.7,1.9
hh_with_children,lowest_quintile,1983,13.6,0.1,9.9,0.9,2.8
hh_with_children,lowest_quintile,1984,15.6,0.7,10.7,1.0,3.2
hh_with_children,lowest_quintile,1985,14.8,0.3,10.7,0.9,2.9
hh_with_children,lowest_quintile,1986,14.3,0.2,10.7,0.9,2.6
hh_with_children,lowest_quintile,1987,12.3,-1.6,10.4,1.1,2.5
hh_with_children,lowest_quintile,1988,11.5,-2.7,10.8,1.1,2.3
hh_with_children,lowest_quintile,1989,10.6,-3.6,10.9,1.1,2.2
hh_with_children,lowest_quintile,1990,12.2,-2.6,11.4,1.0,2.3
hh_with_children,lowest_quintile,1991,11.2,-4.0,11.5,1.0,2.7
hh_with_children,lowest_quintile,1992,10.4,-4.7,11.3,1.0,2.8
hh_with_children,lowest_quintile,1993,10.2,-5.3,11.3,1.1,3.2
hh_with_children,lowest_quintile,1994,7.7,-8.1,11.3,1.2,3.3
hh_with_children,lowest_quintile,1995,6.4,-9.3,11.6,1.2,3.0
hh_with_children,lowest_quintile,1996,5.5,-10.1,11.5,1.3,2.8
hh_with_children,lowest_quintile,1997,5.7,-9.9,11.6,1.2,2.8
hh_with_children,lowest_quintile,1998,5.6,-9.9,11.8,1.1,2.6
hh_with_children,lowest_quintile,1999,6.1,-9.4,11.6,1.0,2.7
hh_with_children,lowest_quintile,2000,5.0,-10.1,11.7,1.0,2.3
hh_with_children,lowest_quintile,2001,4.4,-10.6,11.9,0.7,2.4
hh_with_children,lowest_quintile,2002,3.8,-11.1,11.7,0.6,2.5
hh_with_children,lowest_quintile,2003,3.8,-11.1,11.5,0.8,2.5
hh_with_children,lowest_quintile,2004,3.2,-11.4,11.5,1.0,2.2
hh_with_children,lowest_quintile,2005,3.1,-12.2,11.6,1.3,2.4
hh_with_children,lowest_quintile,2006,3.5,-11.8,11.7,1.4,2.2
hh_with_children,lowest_quintile,2007,2.5,-12.2,11.9,1.2,1.6
hh_with_children,lowest_quintile,2008,-3.0,-17.4,11.9,0.7,1.7
hh_with_children,lowest_quintile,2009,-4.9,-18.8,11.5,0.6,1.8
hh_with_children,lowest_quintile,2010,-4.8,-19.0,11.5,0.8,2.0
hh_with_children,lowest_quintile,2011,-4.3,-17.3,10.1,0.8,2.1
hh_with_children,lowest_quintile,2012,-4.2,-17.2,10.0,0.8,2.1
hh_with_children,lowest_quintile,2013,-2.8,-17.5,11.7,0.9,2.1
hh_with_children,lowest_quintile,2014,-2.7,-17.7,11.8,1.0,2.2
hh_with_children,second_quintile,1979,17.4,5.1,9.5,1.6,1.2
hh_with_children,second_quintile,1980,17.4,5.5,9.5,1.3,1.1
hh_with_children,second_quintile,1981,18.3,6.1,10.2,1.0,1.0
hh_with_children,second_quintile,1982,17.2,5.3,10.2,0.6,1.0
hh_with_children,second_quintile,1983,17.2,4.9,10.3,0.8,1.3
hh_with_children,second_quintile,1984,18.2,5.1,10.8,0.9,1.4
hh_with_children,second_quintile,1985,18.1,4.9,11.0,0.9,1.3
hh_with_children,second_quintile,1986,18.3,5.1,11.1,0.8,1.3
hh_with_children,second_quintile,1987,17.5,3.9,11.1,1.1,1.3
hh_with_children,second_quintile,1988,17.8,3.8,11.6,1.1,1.3
hh_with_children,second_quintile,1989,17.1,3.3,11.5,1.1,1.2
hh_with_children,second_quintile,1990,18.2,4.1,11.9,1.0,1.2
hh_with_children,second_quintile,1991,17.6,3.6,11.7,0.9,1.4
hh_with_children,second_quintile,1992,17.0,3.1,11.5,1.0,1.5
hh_with_children,second_quintile,1993,17.1,2.9,11.5,1.1,1.5
hh_with_children,second_quintile,1994,16.5,2.2,11.4,1.2,1.6
hh_with_children,second_quintile,1995,16.6,2.3,11.6,1.3,1.5
hh_with_children,second_quintile,1996,16.3,1.9,11.5,1.3,1.5
hh_with_children,second_quintile,1997,16.5,2.3,11.5,1.2,1.4
hh_with_children,second_quintile,1998,15.5,1.3,11.7,1.1,1.4
hh_with_children,second_quintile,1999,15.6,1.3,11.6,1.1,1.5
hh_with_children,second_quintile,2000,15.3,1.2,11.7,1.1,1.4
hh_with_children,second_quintile,2001,13.4,-0.4,11.7,0.7,1.3
hh_with_children,second_quintile,2002,12.5,-1.0,11.5,0.7,1.3
hh_with_children,second_quintile,2003,11.2,-2.4,11.4,0.9,1.3
hh_with_children,second_quintile,2004,11.3,-2.1,11.1,1.1,1.3
hh_with_children,second_quintile,2005,11.3,-2.5,11.3,1.4,1.2
hh_with_children,second_quintile,2006,11.5,-2.3,11.2,1.4,1.1
hh_with_children,second_quintile,2007,12.0,-1.6,11.4,1.3,0.9
hh_with_children,second_quintile,2008,8.3,-4.7,11.3,0.8,1.0
hh_with_children,second_quintile,2009,7.4,-5.2,11.0,0.6,1.0
hh_with_children,second_quintile,2010,8.1,-4.7,10.9,0.8,1.0
hh_with_children,second_quintile,2011,8.0,-3.5,9.6,0.8,1.1
hh_with_children,second_quintile,2012,7.9,-3.7,9.6,0.9,1.1
hh_with_children,second_quintile,2013,9.8,-3.4,11.1,1.0,1.1
hh_with_children,second_quintile,2014,9.8,-3.6,11.2,1.1,1.2
hh_with_children,middle_quintile,1979,20.3,8.2,9.5,1.6,1.0
hh_with_children,middle_quintile,1980,20.5,8.8,9.5,1.3,0.9
hh_with_children,middle_quintile,1981,21.4,9.2,10.3,1.0,0.8
hh_with_children,middle_quintile,1982,20.3,8.4,10.4,0.7,0.9
hh_with_children,middle_quintile,1983,19.8,7.6,10.4,0.8,1.0
hh_with_children,middle_quintile,1984,20.3,7.5,10.8,1.0,1.1
hh_with_children,middle_quintile,1985,20.5,7.4,11.2,0.9,1.0
hh_with_children,middle_quintile,1986,20.7,7.4,11.4,0.9,1.0
hh_with_children,middle_quintile,1987,20.1,6.5,11.4,1.2,1.0
hh_with_children,middle_quintile,1988,20.5,6.6,11.8,1.2,1.0
hh_with_children,middle_quintile,1989,20.4,6.6,11.8,1.1,0.9
hh_with_children,middle_quintile,1990,20.5,6.6,11.9,1.0,0.9
hh_with_children,middle_quintile,1991,20.5,6.5,11.9,1.0,1.1
hh_with_children,middle_quintile,1992,20.2,6.2,11.8,1.0,1.1
hh_with_children,middle_quintile,1993,20.1,6.1,11.8,1.1,1.1
hh_with_children,middle_quintile,1994,20.4,6.1,11.8,1.2,1.2
hh_with_children,middle_quintile,1995,20.2,6.0,11.8,1.3,1.2
hh_with_children,middle_quintile,1996,20.1,6.0,11.7,1.4,1.1
hh_with_children,middle_quintile,1997,20.5,6.2,11.9,1.4,1.0
hh_with_children,middle_quintile,1998,19.4,5.2,11.9,1.2,1.1
hh_with_children,middle_quintile,1999,19.4,5.1,11.9,1.2,1.1
hh_with_children,middle_quintile,2000,19.2,5.1,11.9,1.2,1.1
hh_with_children,middle_quintile,2001,17.5,3.8,12.0,0.8,1.0
hh_with_children,middle_quintile,2002,17.0,3.5,11.7,0.7,1.0
hh_with_children,middle_quintile,2003,15.7,2.3,11.5,0.9,1.0
hh_with_children,middle_quintile,2004,16.0,2.5,11.4,1.1,1.0
hh_with_children,middle_quintile,2005,16.1,2.4,11.4,1.5,0.9
hh_with_children,middle_quintile,2006,16.1,2.4,11.3,1.6,0.8
hh_with_children,middle_quintile,2007,16.1,2.7,11.3,1.4,0.7
hh_with_children,middle_quintile,2008,13.6,0.6,11.4,0.8,0.7
hh_with_children,middle_quintile,2009,13.3,0.7,11.2,0.6,0.8
hh_with_children,middle_quintile,2010,13.7,1.1,11.0,0.9,0.8
hh_with_children,middle_quintile,2011,13.6,2.2,9.7,0.9,0.8
hh_with_children,middle_quintile,2012,13.8,2.2,9.7,1.0,0.9
hh_with_children,middle_quintile,2013,15.6,2.4,11.2,1.1,0.8
hh_with_children,middle_quintile,2014,15.8,2.4,11.3,1.2,1.0
hh_with_children,fourth_quintile,1979,22.1,10.5,8.9,1.8,0.9
hh_with_children,fourth_quintile,1980,22.5,11.3,9.0,1.5,0.7
hh_with_children,fourth_quintile,1981,23.5,11.8,9.9,1.2,0.7
hh_with_children,fourth_quintile,1982,22.1,10.7,10.0,0.7,0.7
hh_with_children,fourth_quintile,1983,21.6,9.7,10.1,0.9,0.8
hh_with_children,fourth_quintile,1984,22.0,9.5,10.5,1.0,0.9
hh_with_children,fourth_quintile,1985,22.0,9.4,10.8,0.9,0.9
hh_with_children,fourth_quintile,1986,22.2,9.4,11.0,1.0,0.8
hh_with_children,fourth_quintile,1987,21.6,8.5,11.0,1.3,0.8
hh_with_children,fourth_quintile,1988,22.0,8.6,11.4,1.2,0.8
hh_with_children,fourth_quintile,1989,22.0,8.7,11.4,1.2,0.8
hh_with_children,fourth_quintile,1990,22.2,8.7,11.6,1.1,0.8
hh_with_children,fourth_quintile,1991,22.2,8.4,11.8,1.0,0.9
hh_with_children,fourth_quintile,1992,21.9,8.2,11.7,1.1,0.9
hh_with_children,fourth_quintile,1993,22.1,8.2,11.7,1.2,0.9
hh_with_children,fourth_quintile,1994,22.2,8.2,11.7,1.3,1.0
hh_with_children,fourth_quintile,1995,22.2,8.2,11.7,1.4,1.0
hh_with_children,fourth_quintile,1996,22.3,8.3,11.7,1.4,0.9
hh_with_children,fourth_quintile,1997,22.4,8.4,11.7,1.4,0.8
hh_with_children,fourth_quintile,1998,21.8,7.9,11.8,1.3,0.8
hh_with_children,fourth_quintile,1999,21.8,7.9,11.7,1.3,0.9
hh_with_children,fourth_quintile,2000,21.9,8.0,11.8,1.3,0.9
hh_with_children,fourth_quintile,2001,20.5,6.9,11.9,0.9,0.8
hh_with_children,fourth_quintile,2002,19.9,6.6,11.7,0.8,0.8
hh_with_children,fourth_quintile,2003,18.7,5.3,11.6,1.0,0.8
hh_with_children,fourth_quintile,2004,18.8,5.3,11.4,1.2,0.8
hh_with_children,fourth_quintile,2005,19.1,5.4,11.3,1.6,0.8
hh_with_children,fourth_quintile,2006,19.1,5.5,11.2,1.7,0.7
hh_with_children,fourth_quintile,2007,19.0,5.7,11.2,1.5,0.6
hh_with_children,fourth_quintile,2008,17.3,4.4,11.4,0.9,0.6
hh_with_children,fourth_quintile,2009,16.9,4.3,11.3,0.7,0.6
hh_with_children,fourth_quintile,2010,17.4,4.7,11.2,1.0,0.6
hh_with_children,fourth_quintile,2011,17.0,5.7,9.8,0.9,0.6
hh_with_children,fourth_quintile,2012,17.4,5.9,9.8,1.1,0.6
hh_with_children,fourth_quintile,2013,19.2,6.1,11.3,1.2,0.6
hh_with_children,fourth_quintile,2014,19.6,6.3,11.3,1.3,0.7
hh_with_children,highest_quintile,1979,25.9,15.8,5.4,4.0,0.7
hh_with_children,highest_quintile,1980,26.0,16.5,5.6,3.2,0.6
hh_with_children,highest_quintile,1981,25.9,16.7,6.2,2.6,0.5
hh_with_children,highest_quintile,1982,23.7,15.1,6.5,1.5,0.5
hh_with_children,highest_quintile,1983,23.6,14.4,6.5,2.0,0.6
hh_with_children,highest_quintile,1984,23.5,14.0,6.7,2.2,0.7
hh_with_children,highest_quintile,1985,23.3,13.7,6.9,2.0,0.7
hh_with_children,highest_quintile,1986,23.4,14.4,6.2,2.2,0.6
hh_with_children,highest_quintile,1987,25.5,15.5,6.8,2.6,0.6
hh_with_children,highest_quintile,1988,25.1,15.3,6.8,2.4,0.6
hh_with_children,highest_quintile,1989,24.9,15.2,6.8,2.4,0.5
hh_with_children,highest_quintile,1990,24.8,14.7,7.3,2.2,0.6
hh_with_children,highest_quintile,1991,25.5,14.8,7.9,2.1,0.6
hh_with_children,highest_quintile,1992,25.7,15.0,7.7,2.3,0.6
hh_with_children,highest_quintile,1993,27.0,15.9,7.8,2.7,0.6
hh_with_children,highest_quintile,1994,27.5,15.9,8.1,2.8,0.7
hh_with_children,highest_quintile,1995,28.1,16.7,7.7,3.1,0.6
hh_with_children,highest_quintile,1996,28.3,17.2,7.4,3.1,0.5
hh_with_children,highest_quintile,1997,28.4,17.5,7.2,3.1,0.5
hh_with_children,highest_quintile,1998,28.1,17.8,7.0,2.9,0.5
hh_with_children,highest_quintile,1999,28.7,18.5,6.8,2.9,0.5
hh_with_children,highest_quintile,2000,28.8,18.9,6.6,2.8,0.5
hh_with_children,highest_quintile,2001,27.6,17.7,7.3,2.1,0.5
hh_with_children,highest_quintile,2002,26.8,16.8,7.6,2.0,0.5
hh_with_children,highest_quintile,2003,25.6,15.0,7.3,2.8,0.5
hh_with_children,highest_quintile,2004,25.8,15.2,6.9,3.3,0.4
hh_with_children,highest_quintile,2005,26.3,15.4,6.4,4.1,0.4
hh_with_children,highest_quintile,2006,26.4,15.6,6.0,4.5,0.3
hh_with_children,highest_quintile,2007,25.9,16.0,5.8,3.8,0.3
hh_with_children,highest_quintile,2008,25.0,15.5,6.6,2.5,0.3
hh_with_children,highest_quintile,2009,24.7,14.9,7.5,2.0,0.3
hh_with_children,highest_quintile,2010,25.5,15.3,6.8,3.1,0.3
hh_with_children,highest_quintile,2011,24.9,15.6,6.1,2.8,0.3
hh_with_children,highest_quintile,2012,25.3,16.2,5.7,3.1,0.3
hh_with_children,highest_quintile,2013,28.1,17.5,6.9,3.4,0.3
hh_with_children,highest_quintile,2014,28.6,18.0,6.6,3.6,0.4
hh_with_children,percentiles_81_90,1979,23.3,12.7,7.7,2.2,0.8
hh_with_children,percentiles_81_90,1980,23.9,13.6,7.9,1.8,0.7
hh_with_children,percentiles_81_90,1981,24.8,14.1,8.7,1.4,0.6
hh_with_children,percentiles_81_90,1982,23.1,12.6,9.0,0.9,0.6
hh_with_children,percentiles_81_90,1983,22.7,11.6,9.3,1.1,0.7
hh_with_children,percentiles_81_90,1984,22.6,11.0,9.5,1.2,0.8
hh_with_children,percentiles_81_90,1985,22.9,11.2,9.9,1.1,0.8
hh_with_children,percentiles_81_90,1986,23.1,11.2,10.0,1.1,0.7
hh_with_children,percentiles_81_90,1987,23.1,10.9,10.0,1.4,0.7
hh_with_children,percentiles_81_90,1988,23.4,10.9,10.3,1.4,0.7
hh_with_children,percentiles_81_90,1989,23.4,11.0,10.3,1.4,0.7
hh_with_children,percentiles_81_90,1990,23.5,10.9,10.6,1.3,0.7
hh_with_children,percentiles_81_90,1991,23.7,10.8,11.0,1.2,0.8
hh_with_children,percentiles_81_90,1992,23.5,10.5,11.0,1.2,0.8
hh_with_children,percentiles_81_90,1993,23.4,10.5,10.7,1.4,0.8
hh_with_children,percentiles_81_90,1994,23.8,10.5,10.9,1.5,0.8
hh_with_children,percentiles_81_90,1995,24.2,10.7,11.0,1.6,0.9
hh_with_children,percentiles_81_90,1996,24.0,10.8,10.8,1.6,0.7
hh_with_children,percentiles_81_90,1997,24.2,11.1,10.8,1.7,0.7
hh_with_children,percentiles_81_90,1998,24.1,11.0,10.9,1.5,0.7
hh_with_children,percentiles_81_90,1999,24.3,11.2,10.9,1.5,0.8
hh_with_children,percentiles_81_90,2000,24.4,11.4,10.8,1.4,0.8
hh_with_children,percentiles_81_90,2001,23.4,10.5,11.2,1.0,0.7
hh_with_children,percentiles_81_90,2002,22.5,9.9,11.1,0.9,0.7
hh_with_children,percentiles_81_90,2003,21.2,8.4,10.9,1.2,0.7
hh_with_children,percentiles_81_90,2004,21.4,8.6,10.7,1.4,0.7
hh_with_children,percentiles_81_90,2005,21.7,8.7,10.6,1.8,0.6
hh_with_children,percentiles_81_90,2006,21.8,8.8,10.5,2.0,0.5
hh_with_children,percentiles_81_90,2007,21.8,9.1,10.5,1.7,0.5
hh_with_children,percentiles_81_90,2008,20.4,8.2,10.8,1.0,0.5
hh_with_children,percentiles_81_90,2009,20.2,8.0,10.9,0.8,0.5
hh_with_children,percentiles_81_90,2010,20.7,8.4,10.8,1.1,0.5
hh_with_children,percentiles_81_90,2011,20.0,9.2,9.3,1.1,0.5
hh_with_children,percentiles_81_90,2012,20.6,9.5,9.4,1.2,0.5
hh_with_children,percentiles_81_90,2013,22.5,9.7,10.7,1.4,0.5
hh_with_children,percentiles_81_90,2014,22.7,10.0,10.7,1.5,0.6
hh_with_children,percentiles_91_95,1979,24.4,14.5,6.3,2.9,0.7
hh_with_children,percentiles_91_95,1980,24.9,15.5,6.4,2.4,0.6
hh_with_children,percentiles_91_95,1981,25.5,15.9,7.3,1.8,0.6
hh_with_children,percentiles_91_95,1982,23.6,14.3,7.7,1.0,0.6
hh_with_children,percentiles_91_95,1983,22.8,13.0,7.8,1.3,0.7
hh_with_children,percentiles_91_95,1984,22.8,12.4,8.2,1.4,0.7
hh_with_children,percentiles_91_95,1985,22.9,12.6,8.3,1.3,0.7
hh_with_children,percentiles_91_95,1986,23.0,12.7,8.3,1.3,0.7
hh_with_children,percentiles_91_95,1987,24.2,13.2,8.6,1.8,0.7
hh_with_children,percentiles_91_95,1988,24.1,13.0,8.8,1.6,0.7
hh_with_children,percentiles_91_95,1989,23.8,12.9,8.6,1.6,0.6
hh_with_children,percentiles_91_95,1990,23.8,12.5,9.1,1.5,0.6
hh_with_children,percentiles_91_95,1991,24.4,12.6,9.6,1.4,0.7
hh_with_children,percentiles_91_95,1992,24.3,12.6,9.5,1.5,0.7
hh_with_children,percentiles_91_95,1993,25.0,12.7,9.7,1.8,0.8
hh_with_children,percentiles_91_95,1994,25.0,12.7,9.6,1.8,0.8
hh_with_children,percentiles_91_95,1995,25.3,12.9,9.7,1.9,0.7
hh_with_children,percentiles_91_95,1996,25.3,13.2,9.5,1.9,0.7
hh_with_children,percentiles_91_95,1997,25.5,13.4,9.4,2.0,0.7
hh_with_children,percentiles_91_95,1998,25.6,13.8,9.3,1.8,0.6
hh_with_children,percentiles_91_95,1999,25.9,14.2,9.2,1.8,0.7
hh_with_children,percentiles_91_95,2000,26.1,14.4,9.3,1.7,0.7
hh_with_children,percentiles_91_95,2001,25.3,13.6,9.8,1.2,0.6
hh_with_children,percentiles_91_95,2002,24.4,12.9,9.9,1.1,0.6
hh_with_children,percentiles_91_95,2003,23.1,11.4,9.7,1.5,0.6
hh_with_children,percentiles_91_95,2004,23.3,11.4,9.6,1.8,0.6
hh_with_children,percentiles_91_95,2005,23.6,11.7,9.2,2.2,0.5
hh_with_children,percentiles_91_95,2006,23.7,11.9,9.0,2.4,0.5
hh_with_children,percentiles_91_95,2007,23.5,12.1,8.9,2.0,0.4
hh_with_children,percentiles_91_95,2008,23.0,11.9,9.4,1.2,0.4
hh_with_children,percentiles_91_95,2009,22.5,11.3,9.9,1.0,0.4
hh_with_children,percentiles_91_95,2010,23.1,11.7,9.7,1.2,0.4
hh_with_children,percentiles_91_95,2011,22.3,12.3,8.3,1.3,0.4
hh_with_children,percentiles_91_95,2012,22.7,12.6,8.3,1.4,0.5
hh_with_children,percentiles_91_95,2013,24.4,12.7,9.6,1.6,0.4
hh_with_children,percentiles_91_95,2014,24.9,13.2,9.5,1.8,0.5
hh_with_children,percentiles_96_99,1979,26.4,17.7,3.7,4.4,0.6
hh_with_children,percentiles_96_99,1980,26.8,18.6,4.1,3.5,0.6
hh_with_children,percentiles_96_99,1981,26.2,18.6,4.5,2.7,0.5
hh_with_children,percentiles_96_99,1982,24.1,17.1,5.0,1.5,0.5
hh_with_children,percentiles_96_99,1983,23.3,15.4,5.3,2.0,0.6
hh_with_children,percentiles_96_99,1984,23.2,15.0,5.5,2.0,0.6
hh_with_children,percentiles_96_99,1985,22.8,14.6,5.6,1.9,0.6
hh_with_children,percentiles_96_99,1986,23.1,15.5,5.2,1.8,0.6
hh_with_children,percentiles_96_99,1987,25.5,16.8,5.6,2.6,0.6
hh_with_children,percentiles_96_99,1988,25.2,16.7,5.7,2.3,0.5
hh_with_children,percentiles_96_99,1989,25.1,16.6,5.8,2.2,0.5
hh_with_children,percentiles_96_99,1990,25.1,16.5,5.9,2.1,0.6
hh_with_children,percentiles_96_99,1991,25.9,16.2,7.0,2.0,0.6
hh_with_children,percentiles_96_99,1992,26.0,16.4,6.9,2.1,0.6
hh_with_children,percentiles_96_99,1993,27.2,16.8,7.3,2.4,0.6
hh_with_children,percentiles_96_99,1994,27.6,17.0,7.5,2.5,0.6
hh_with_children,percentiles_96_99,1995,27.7,17.6,6.9,2.7,0.6
hh_with_children,percentiles_96_99,1996,28.2,18.3,6.7,2.7,0.5
hh_with_children,percentiles_96_99,1997,28.5,18.8,6.6,2.7,0.5
hh_with_children,percentiles_96_99,1998,28.5,19.2,6.5,2.4,0.5
hh_with_children,percentiles_96_99,1999,29.2,19.8,6.5,2.4,0.6
hh_with_children,percentiles_96_99,2000,29.2,20.0,6.5,2.3,0.5
hh_with_children,percentiles_96_99,2001,27.8,18.9,6.8,1.6,0.5
hh_with_children,percentiles_96_99,2002,27.1,18.1,7.1,1.5,0.5
hh_with_children,percentiles_96_99,2003,26.2,16.6,7.0,2.1,0.4
hh_with_children,percentiles_96_99,2004,26.6,17.0,6.7,2.4,0.4
hh_with_children,percentiles_96_99,2005,27.2,17.5,6.2,3.1,0.4
hh_with_children,percentiles_96_99,2006,27.1,17.4,6.2,3.2,0.3
hh_with_children,percentiles_96_99,2007,26.8,17.8,6.1,2.6,0.3
hh_with_children,percentiles_96_99,2008,26.2,17.7,6.6,1.6,0.3
hh_with_children,percentiles_96_99,2009,25.8,16.9,7.3,1.3,0.3
hh_with_children,percentiles_96_99,2010,26.3,17.3,7.0,1.7,0.3
hh_with_children,percentiles_96_99,2011,25.9,17.8,6.1,1.7,0.3
hh_with_children,percentiles_96_99,2012,26.4,18.3,5.9,1.8,0.3
hh_with_children,percentiles_96_99,2013,28.0,18.5,6.9,2.2,0.3
hh_with_children,percentiles_96_99,2014,28.5,19.0,6.8,2.4,0.4
hh_with_children,top_1_percent,1979,33.0,22.2,1.1,9.3,0.4
hh_with_children,top_1_percent,1980,30.8,21.8,1.3,7.3,0.4
hh_with_children,top_1_percent,1981,28.7,21.0,1.4,6.0,0.3
hh_with_children,top_1_percent,1982,24.9,19.3,1.7,3.6,0.3
hh_with_children,top_1_percent,1983,26.3,19.8,1.6,4.5,0.4
hh_with_children,top_1_percent,1984,26.0,19.2,1.6,4.7,0.5
hh_with_children,top_1_percent,1985,24.9,18.4,1.6,4.4,0.5
hh_with_children,top_1_percent,1986,24.2,18.6,1.0,4.3,0.3
hh_with_children,top_1_percent,1987,30.0,23.0,1.7,4.9,0.4
hh_with_children,top_1_percent,1988,28.1,21.8,1.4,4.6,0.3
hh_with_children,top_1_percent,1989,27.6,21.1,1.5,4.6,0.3
hh_with_children,top_1_percent,1990,27.5,20.9,1.9,4.4,0.3
hh_with_children,top_1_percent,1991,29.1,22.0,2.3,4.3,0.4
hh_with_children,top_1_percent,1992,29.8,22.7,1.9,4.8,0.4
hh_with_children,top_1_percent,1993,34.1,25.7,2.2,5.8,0.4
hh_with_children,top_1_percent,1994,35.2,25.7,3.1,6.0,0.4
hh_with_children,top_1_percent,1995,35.7,26.3,2.6,6.4,0.3
hh_with_children,top_1_percent,1996,35.5,26.7,2.5,6.0,0.2
hh_with_children,top_1_percent,1997,34.6,26.1,2.4,5.9,0.2
hh_with_children,top_1_percent,1998,33.3,25.5,2.3,5.3,0.2
hh_with_children,top_1_percent,1999,33.6,26.2,2.1,5.0,0.2
hh_with_children,top_1_percent,2000,33.1,26.2,2.1,4.7,0.2
hh_with_children,top_1_percent,2001,32.9,26.0,2.4,4.3,0.2
hh_with_children,top_1_percent,2002,33.0,26.0,2.6,4.1,0.2
hh_with_children,top_1_percent,2003,31.1,22.6,2.4,5.9,0.2
hh_with_children,top_1_percent,2004,30.6,21.7,2.1,6.5,0.2
hh_with_children,top_1_percent,2005,30.7,21.1,1.9,7.5,0.2
hh_with_children,top_1_percent,2006,30.3,20.7,1.7,7.7,0.1
hh_with_children,top_1_percent,2007,28.9,20.8,1.7,6.3,0.1
hh_with_children,top_1_percent,2008,28.6,21.5,2.1,4.9,0.2
hh_with_children,top_1_percent,2009,29.5,22.4,2.7,4.4,0.1
hh_with_children,top_1_percent,2010,29.9,21.2,2.2,6.4,0.2
hh_with_children,top_1_percent,2011,29.7,21.4,2.2,6.0,0.2
hh_with_children,top_1_percent,2012,29.1,21.1,1.9,6.0,0.1
hh_with_children,top_1_percent,2013,34.7,25.3,2.6,6.7,0.2
hh_with_children,top_1_percent,2014,34.5,25.3,2.3,6.8,0.2
elderly_headed_hh,all_quintiles,1979,18.1,8.2,1.9,7.1,0.9
elderly_headed_hh,all_quintiles,1980,17.0,8.8,1.8,5.6,0.8
elderly_headed_hh,all_quintiles,1981,16.0,9.1,1.9,4.3,0.7
elderly_headed_hh,all_quintiles,1982,14.0,8.7,1.9,2.6,0.7
elderly_headed_hh,all_quintiles,1983,13.8,7.8,1.9,3.3,0.9
elderly_headed_hh,all_quintiles,1984,14.9,8.3,1.9,3.7,0.9
elderly_headed_hh,all_quintiles,1985,14.7,8.5,1.9,3.4,0.9
elderly_headed_hh,all_quintiles,1986,14.5,8.4,1.9,3.4,0.9
elderly_headed_hh,all_quintiles,1987,15.3,7.7,2.0,4.6,0.9
elderly_headed_hh,all_quintiles,1988,15.7,8.2,2.0,4.6,0.9
elderly_headed_hh,all_quintiles,1989,15.3,8.1,1.9,4.4,0.8
elderly_headed_hh,all_quintiles,1990,14.8,7.9,2.0,4.1,0.8
elderly_headed_hh,all_quintiles,1991,13.8,7.1,2.0,3.7,1.0
elderly_headed_hh,all_quintiles,1992,14.4,7.2,2.0,4.2,1.0
elderly_headed_hh,all_quintiles,1993,14.7,7.0,2.0,4.7,1.0
elderly_headed_hh,all_quintiles,1994,15.4,7.4,2.0,5.0,1.1
elderly_headed_hh,all_quintiles,1995,16.1,7.8,2.0,5.2,1.0
elderly_headed_hh,all_quintiles,1996,17.1,8.8,2.0,5.4,0.9
elderly_headed_hh,all_quintiles,1997,17.0,9.1,1.9,5.1,0.9
elderly_headed_hh,all_quintiles,1998,16.8,9.3,2.0,4.6,0.9
elderly_headed_hh,all_quintiles,1999,17.4,9.9,2.0,4.5,1.0
elderly_headed_hh,all_quintiles,2000,16.9,9.9,2.0,4.1,0.9
elderly_headed_hh,all_quintiles,2001,15.0,8.8,2.2,3.1,0.9
elderly_headed_hh,all_quintiles,2002,14.2,8.2,2.1,3.0,0.9
elderly_headed_hh,all_quintiles,2003,14.0,7.1,2.2,3.8,0.9
elderly_headed_hh,all_quintiles,2004,15.0,7.5,2.1,4.5,0.8
elderly_headed_hh,all_quintiles,2005,16.0,7.9,2.1,5.3,0.8
elderly_headed_hh,all_quintiles,2006,16.2,8.0,2.0,5.4,0.7
elderly_headed_hh,all_quintiles,2007,15.9,8.6,2.0,4.6,0.6
elderly_headed_hh,all_quintiles,2008,13.1,7.2,2.3,2.9,0.6
elderly_headed_hh,all_quintiles,2009,12.4,6.9,2.4,2.4,0.6
elderly_headed_hh,all_quintiles,2010,13.4,7.4,2.4,3.0,0.6
elderly_headed_hh,all_quintiles,2011,13.7,8.0,2.1,3.0,0.6
elderly_headed_hh,all_quintiles,2012,14.7,8.5,2.1,3.4,0.7
elderly_headed_hh,all_quintiles,2013,15.7,8.8,2.6,3.7,0.7
elderly_headed_hh,all_quintiles,2014,16.5,9.4,2.5,3.9,0.7
elderly_headed_hh,lowest_quintile,1979,2.8,,0.5,1.1,1.2
elderly_headed_hh,lowest_quintile,1980,2.2,0.1,0.4,0.7,1.0
elderly_headed_hh,lowest_quintile,1981,1.8,,0.3,0.5,0.9
elderly_headed_hh,lowest_quintile,1982,1.6,0.1,0.3,0.3,0.9
elderly_headed_hh,lowest_quintile,1983,1.9,,0.3,0.3,1.2
elderly_headed_hh,lowest_quintile,1984,2.0,,0.3,0.4,1.2
elderly_headed_hh,lowest_quintile,1985,2.1,0.1,0.4,0.4,1.3
elderly_headed_hh,lowest_quintile,1986,1.9,0.1,0.4,0.3,1.2
elderly_headed_hh,lowest_quintile,1987,2.4,,0.4,0.6,1.4
elderly_headed_hh,lowest_quintile,1988,2.4,0.1,0.4,0.5,1.4
elderly_headed_hh,lowest_quintile,1989,2.2,0.1,0.4,0.5,1.2
elderly_headed_hh,lowest_quintile,1990,2.2,0.1,0.4,0.5,1.3
elderly_headed_hh,lowest_quintile,1991,2.3,,0.4,0.5,1.4
elderly_headed_hh,lowest_quintile,1992,2.3,0.1,0.4,0.4,1.5
elderly_headed_hh,lowest_quintile,1993,2.6,,0.4,0.5,1.6
elderly_headed_hh,lowest_quintile,1994,2.6,,0.4,0.6,1.6
elderly_headed_hh,lowest_quintile,1995,2.5,,0.4,0.6,1.6
elderly_headed_hh,lowest_quintile,1996,2.6,,0.5,0.5,1.6
elderly_headed_hh,lowest_quintile,1997,2.4,,0.5,0.5,1.5
elderly_headed_hh,lowest_quintile,1998,2.4,,0.5,0.4,1.5
elderly_headed_hh,lowest_quintile,1999,2.7,,0.6,0.4,1.7
elderly_headed_hh,lowest_quintile,2000,2.7,,0.7,0.4,1.6
elderly_headed_hh,lowest_quintile,2001,2.5,-0.1,0.5,0.3,1.7
elderly_headed_hh,lowest_quintile,2002,2.7,,0.6,0.3,1.8
elderly_headed_hh,lowest_quintile,2003,2.5,-0.1,0.5,0.3,1.7
elderly_headed_hh,lowest_quintile,2004,2.2,,0.5,0.3,1.4
elderly_headed_hh,lowest_quintile,2005,2.4,,0.5,0.5,1.4
elderly_headed_hh,lowest_quintile,2006,2.3,,0.5,0.5,1.3
elderly_headed_hh,lowest_quintile,2007,2.1,,0.7,0.4,1.1
elderly_headed_hh,lowest_quintile,2008,0.3,-1.9,0.6,0.4,1.3
elderly_headed_hh,lowest_quintile,2009,2.2,-0.2,0.8,0.4,1.3
elderly_headed_hh,lowest_quintile,2010,2.4,-0.2,0.6,0.5,1.5
elderly_headed_hh,lowest_quintile,2011,2.4,,0.5,0.4,1.4
elderly_headed_hh,lowest_quintile,2012,2.8,,0.6,0.5,1.7
elderly_headed_hh,lowest_quintile,2013,2.8,-0.2,0.7,0.5,1.7
elderly_headed_hh,lowest_quintile,2014,2.6,-0.3,0.7,0.5,1.8
elderly_headed_hh,second_quintile,1979,5.6,0.5,1.4,2.6,1.1
elderly_headed_hh,second_quintile,1980,4.5,0.5,1.2,1.8,0.9
elderly_headed_hh,second_quintile,1981,3.9,0.6,1.2,1.3,0.8
elderly_headed_hh,second_quintile,1982,3.2,0.5,1.1,0.7,0.9
elderly_headed_hh,second_quintile,1983,3.3,0.5,1.0,0.8,1.1
elderly_headed_hh,second_quintile,1984,3.8,0.5,1.1,1.1,1.2
elderly_headed_hh,second_quintile,1985,3.7,0.5,1.0,1.0,1.2
elderly_headed_hh,second_quintile,1986,3.8,0.5,1.1,1.1,1.2
elderly_headed_hh,second_quintile,1987,4.0,0.4,1.0,1.3,1.3
elderly_headed_hh,second_quintile,1988,4.3,0.5,1.1,1.4,1.2
elderly_headed_hh,second_quintile,1989,4.1,0.5,1.2,1.3,1.1
elderly_headed_hh,second_quintile,1990,4.1,0.6,1.2,1.2,1.1
elderly_headed_hh,second_quintile,1991,3.8,0.4,1.1,1.0,1.2
elderly_headed_hh,second_quintile,1992,3.8,0.4,1.0,1.1,1.3
elderly_headed_hh,second_quintile,1993,3.5,0.3,0.8,1.1,1.3
elderly_headed_hh,second_quintile,1994,3.6,0.3,0.9,1.0,1.4
elderly_headed_hh,second_quintile,1995,3.7,0.3,1.0,1.0,1.4
elderly_headed_hh,second_quintile,1996,3.5,0.3,1.0,1.0,1.3
elderly_headed_hh,second_quintile,1997,3.5,0.3,1.0,1.0,1.2
elderly_headed_hh,second_quintile,1998,3.8,0.4,1.1,0.9,1.3
elderly_headed_hh,second_quintile,1999,4.4,0.5,1.3,1.0,1.5
elderly_headed_hh,second_quintile,2000,4.5,0.6,1.3,1.1,1.5
elderly_headed_hh,second_quintile,2001,3.5,0.3,1.2,0.7,1.3
elderly_headed_hh,second_quintile,2002,3.3,0.3,1.0,0.6,1.4
elderly_headed_hh,second_quintile,2003,3.0,0.1,1.0,0.7,1.3
elderly_headed_hh,second_quintile,2004,3.0,0.2,0.9,0.7,1.2
elderly_headed_hh,second_quintile,2005,3.2,0.2,0.9,0.8,1.2
elderly_headed_hh,second_quintile,2006,3.0,0.2,0.9,0.9,1.1
elderly_headed_hh,second_quintile,2007,3.3,0.4,1.1,0.8,0.9
elderly_headed_hh,second_quintile,2008,1.3,-1.2,1.0,0.5,0.9
elderly_headed_hh,second_quintile,2009,2.1,,0.9,0.4,0.8
elderly_headed_hh,second_quintile,2010,2.3,,0.9,0.5,0.9
elderly_headed_hh,second_quintile,2011,2.3,0.1,0.8,0.4,0.9
elderly_headed_hh,second_quintile,2012,2.4,0.2,0.8,0.4,1.0
elderly_headed_hh,second_quintile,2013,2.6,0.1,1.0,0.5,1.0
elderly_headed_hh,second_quintile,2014,2.7,0.1,1.0,0.5,1.0
elderly_headed_hh,middle_quintile,1979,10.7,2.5,2.5,4.7,1.1
elderly_headed_hh,middle_quintile,1980,9.4,2.6,2.2,3.7,0.9
elderly_headed_hh,middle_quintile,1981,8.4,2.6,2.2,2.8,0.8
elderly_headed_hh,middle_quintile,1982,6.9,2.4,2.0,1.7,0.9
elderly_headed_hh,middle_quintile,1983,7.0,2.0,1.9,2.0,1.0
elderly_headed_hh,middle_quintile,1984,7.5,2.0,2.0,2.4,1.1
elderly_headed_hh,middle_quintile,1985,7.2,2.1,1.8,2.1,1.1
elderly_headed_hh,middle_quintile,1986,7.6,2.1,2.1,2.2,1.2
elderly_headed_hh,middle_quintile,1987,7.9,1.9,2.0,2.8,1.2
elderly_headed_hh,middle_quintile,1988,8.3,2.3,2.1,2.8,1.1
elderly_headed_hh,middle_quintile,1989,7.9,2.3,1.9,2.6,1.0
elderly_headed_hh,middle_quintile,1990,7.9,2.4,2.0,2.4,1.0
elderly_headed_hh,middle_quintile,1991,7.4,2.1,1.8,2.2,1.2
elderly_headed_hh,middle_quintile,1992,7.1,1.9,1.7,2.3,1.2
elderly_headed_hh,middle_quintile,1993,7.1,1.7,1.8,2.4,1.3
elderly_headed_hh,middle_quintile,1994,7.5,1.8,1.7,2.6,1.4
elderly_headed_hh,middle_quintile,1995,7.7,1.9,1.8,2.7,1.2
elderly_headed_hh,middle_quintile,1996,7.4,1.8,1.8,2.6,1.2
elderly_headed_hh,middle_quintile,1997,7.4,2.0,1.8,2.4,1.2
elderly_headed_hh,middle_quintile,1998,7.6,2.2,1.9,2.2,1.2
elderly_headed_hh,middle_quintile,1999,8.1,2.4,2.0,2.3,1.4
elderly_headed_hh,middle_quintile,2000,7.8,2.5,2.0,2.0,1.3
elderly_headed_hh,middle_quintile,2001,6.6,1.9,2.0,1.5,1.2
elderly_headed_hh,middle_quintile,2002,5.8,1.5,1.8,1.3,1.2
elderly_headed_hh,middle_quintile,2003,5.9,1.4,1.8,1.5,1.2
elderly_headed_hh,middle_quintile,2004,5.9,1.5,1.8,1.6,1.1
elderly_headed_hh,middle_quintile,2005,6.5,1.5,2.0,1.9,1.1
elderly_headed_hh,middle_quintile,2006,6.4,1.5,1.9,2.0,1.0
elderly_headed_hh,middle_quintile,2007,6.4,1.8,2.0,1.7,0.9
elderly_headed_hh,middle_quintile,2008,4.2,0.4,1.9,1.0,0.9
elderly_headed_hh,middle_quintile,2009,4.3,0.9,1.8,0.8,0.8
elderly_headed_hh,middle_quintile,2010,4.6,1.0,1.8,0.9,0.8
elderly_headed_hh,middle_quintile,2011,4.7,1.4,1.5,0.9,0.9
elderly_headed_hh,middle_quintile,2012,4.8,1.4,1.6,0.9,0.9
elderly_headed_hh,middle_quintile,2013,5.5,1.6,1.9,1.0,1.0
elderly_headed_hh,middle_quintile,2014,5.6,1.6,2.0,1.0,1.0
elderly_headed_hh,fourth_quintile,1979,14.8,5.1,2.9,5.8,1.0
elderly_headed_hh,fourth_quintile,1980,13.8,5.5,2.7,4.7,0.9
elderly_headed_hh,fourth_quintile,1981,12.6,5.6,2.5,3.7,0.8
elderly_headed_hh,fourth_quintile,1982,10.5,5.1,2.4,2.1,0.8
elderly_headed_hh,fourth_quintile,1983,10.7,4.7,2.3,2.7,1.0
elderly_headed_hh,fourth_quintile,1984,11.4,4.8,2.5,3.1,1.0
elderly_headed_hh,fourth_quintile,1985,10.9,4.7,2.4,2.8,1.0
elderly_headed_hh,fourth_quintile,1986,10.9,4.6,2.5,2.8,1.0
elderly_headed_hh,fourth_quintile,1987,12.2,4.7,2.7,3.8,1.0
elderly_headed_hh,fourth_quintile,1988,12.3,5.1,2.7,3.6,1.0
elderly_headed_hh,fourth_quintile,1989,12.3,5.4,2.5,3.5,0.9
elderly_headed_hh,fourth_quintile,1990,11.9,5.3,2.5,3.2,1.0
elderly_headed_hh,fourth_quintile,1991,11.1,4.9,2.3,2.8,1.0
elderly_headed_hh,fourth_quintile,1992,11.2,4.6,2.4,3.1,1.1
elderly_headed_hh,fourth_quintile,1993,10.9,4.3,2.3,3.2,1.1
elderly_headed_hh,fourth_quintile,1994,11.6,4.6,2.4,3.4,1.2
elderly_headed_hh,fourth_quintile,1995,11.8,4.7,2.5,3.5,1.1
elderly_headed_hh,fourth_quintile,1996,11.8,4.8,2.3,3.6,1.0
elderly_headed_hh,fourth_quintile,1997,11.8,5.2,2.3,3.4,1.0
elderly_headed_hh,fourth_quintile,1998,12.0,5.5,2.4,3.1,1.1
elderly_headed_hh,fourth_quintile,1999,12.8,6.1,2.5,3.0,1.2
elderly_headed_hh,fourth_quintile,2000,12.8,6.4,2.6,2.7,1.0
elderly_headed_hh,fourth_quintile,2001,11.3,5.6,2.6,2.0,1.0
elderly_headed_hh,fourth_quintile,2002,9.9,4.9,2.3,1.7,1.0
elderly_headed_hh,fourth_quintile,2003,10.0,4.5,2.6,1.9,1.0
elderly_headed_hh,fourth_quintile,2004,10.4,4.6,2.6,2.2,0.9
elderly_headed_hh,fourth_quintile,2005,10.9,4.7,2.6,2.7,0.9
elderly_headed_hh,fourth_quintile,2006,11.1,4.8,2.6,2.8,0.8
elderly_headed_hh,fourth_quintile,2007,10.8,5.0,2.6,2.3,0.8
elderly_headed_hh,fourth_quintile,2008,8.6,3.8,2.7,1.4,0.7
elderly_headed_hh,fourth_quintile,2009,8.0,3.8,2.4,1.1,0.7
elderly_headed_hh,fourth_quintile,2010,8.5,4.1,2.5,1.3,0.7
elderly_headed_hh,fourth_quintile,2011,9.0,4.7,2.2,1.3,0.7
elderly_headed_hh,fourth_quintile,2012,9.0,4.8,2.2,1.3,0.7
elderly_headed_hh,fourth_quintile,2013,9.8,4.8,2.7,1.6,0.8
elderly_headed_hh,fourth_quintile,2014,10.2,5.1,2.7,1.6,0.8
elderly_headed_hh,highest_quintile,1979,28.2,14.8,1.9,10.7,0.8
elderly_headed_hh,highest_quintile,1980,26.6,15.6,1.9,8.5,0.7
elderly_headed_hh,highest_quintile,1981,24.8,15.8,2.1,6.4,0.6
elderly_headed_hh,highest_quintile,1982,21.5,15.0,2.1,3.8,0.6
elderly_headed_hh,highest_quintile,1983,20.7,13.3,2.0,4.8,0.7
elderly_headed_hh,highest_quintile,1984,22.2,14.2,2.1,5.3,0.6
elderly_headed_hh,highest_quintile,1985,21.7,14.2,2.1,4.8,0.6
elderly_headed_hh,highest_quintile,1986,21.1,13.9,1.9,4.7,0.7
elderly_headed_hh,highest_quintile,1987,23.7,14.0,2.1,6.9,0.7
elderly_headed_hh,highest_quintile,1988,23.7,14.2,2.0,6.8,0.7
elderly_headed_hh,highest_quintile,1989,22.9,13.8,2.0,6.5,0.6
elderly_headed_hh,highest_quintile,1990,22.4,13.5,2.2,6.1,0.6
elderly_headed_hh,highest_quintile,1991,21.4,12.7,2.3,5.7,0.7
elderly_headed_hh,highest_quintile,1992,22.1,12.7,2.4,6.4,0.7
elderly_headed_hh,highest_quintile,1993,23.0,12.6,2.3,7.4,0.8
elderly_headed_hh,highest_quintile,1994,24.1,13.2,2.3,7.8,0.7
elderly_headed_hh,highest_quintile,1995,24.8,13.7,2.3,8.0,0.7
elderly_headed_hh,highest_quintile,1996,25.4,14.6,2.2,7.9,0.6
elderly_headed_hh,highest_quintile,1997,24.8,14.7,2.0,7.5,0.6
elderly_headed_hh,highest_quintile,1998,24.2,14.8,2.1,6.7,0.7
elderly_headed_hh,highest_quintile,1999,24.8,15.6,2.0,6.5,0.7
elderly_headed_hh,highest_quintile,2000,24.2,15.7,2.0,5.9,0.6
elderly_headed_hh,highest_quintile,2001,22.7,15.0,2.4,4.8,0.6
elderly_headed_hh,highest_quintile,2002,22.3,14.5,2.4,4.9,0.6
elderly_headed_hh,highest_quintile,2003,21.7,12.3,2.6,6.3,0.6
elderly_headed_hh,highest_quintile,2004,22.5,12.4,2.3,7.2,0.6
elderly_headed_hh,highest_quintile,2005,23.0,12.4,2.2,8.0,0.5
elderly_headed_hh,highest_quintile,2006,23.0,12.3,2.1,8.0,0.5
elderly_headed_hh,highest_quintile,2007,21.8,12.8,2.0,6.6,0.4
elderly_headed_hh,highest_quintile,2008,19.9,12.5,2.5,4.5,0.4
elderly_headed_hh,highest_quintile,2009,18.9,11.7,2.9,3.9,0.4
elderly_headed_hh,highest_quintile,2010,20.0,12.1,2.7,4.8,0.4
elderly_headed_hh,highest_quintile,2011,20.4,12.7,2.5,4.8,0.4
elderly_headed_hh,highest_quintile,2012,21.0,13.0,2.4,5.2,0.4
elderly_headed_hh,highest_quintile,2013,22.8,13.7,3.0,5.7,0.5
elderly_headed_hh,highest_quintile,2014,23.4,14.3,2.8,5.9,0.5
elderly_headed_hh,percentiles_81_90,1979,18.9,7.8,3.3,6.9,1.0
elderly_headed_hh,percentiles_81_90,1980,18.0,8.5,3.0,5.7,0.8
elderly_headed_hh,percentiles_81_90,1981,17.1,9.1,3.1,4.2,0.8
elderly_headed_hh,percentiles_81_90,1982,14.6,8.4,3.1,2.4,0.8
elderly_headed_hh,percentiles_81_90,1983,14.4,7.5,2.9,3.2,0.9
elderly_headed_hh,percentiles_81_90,1984,15.4,8.0,3.0,3.6,0.9
elderly_headed_hh,percentiles_81_90,1985,14.8,7.8,3.0,3.2,0.8
elderly_headed_hh,percentiles_81_90,1986,14.8,7.6,3.0,3.4,0.8
elderly_headed_hh,percentiles_81_90,1987,16.7,8.1,3.1,4.6,0.8
elderly_headed_hh,percentiles_81_90,1988,16.8,8.3,3.1,4.5,0.8
elderly_headed_hh,percentiles_81_90,1989,16.6,8.6,2.9,4.3,0.8
elderly_headed_hh,percentiles_81_90,1990,16.2,8.5,2.9,3.9,0.8
elderly_headed_hh,percentiles_81_90,1991,15.3,8.1,2.7,3.6,0.9
elderly_headed_hh,percentiles_81_90,1992,15.7,7.8,3.2,3.7,0.9
elderly_headed_hh,percentiles_81_90,1993,15.5,7.3,2.8,4.3,1.0
elderly_headed_hh,percentiles_81_90,1994,16.3,7.9,2.9,4.5,1.0
elderly_headed_hh,percentiles_81_90,1995,17.3,8.6,2.8,4.9,1.0
elderly_headed_hh,percentiles_81_90,1996,17.1,8.5,2.9,4.8,0.9
elderly_headed_hh,percentiles_81_90,1997,17.0,8.7,2.8,4.6,0.9
elderly_headed_hh,percentiles_81_90,1998,17.3,9.4,2.9,4.0,0.9
elderly_headed_hh,percentiles_81_90,1999,18.0,10.0,3.0,4.0,1.0
elderly_headed_hh,percentiles_81_90,2000,17.6,10.3,2.7,3.7,0.9
elderly_headed_hh,percentiles_81_90,2001,16.1,9.4,3.3,2.6,0.8
elderly_headed_hh,percentiles_81_90,2002,15.2,8.8,3.2,2.4,0.8
elderly_headed_hh,percentiles_81_90,2003,14.3,7.3,3.5,2.7,0.8
elderly_headed_hh,percentiles_81_90,2004,14.9,7.7,3.3,3.1,0.8
elderly_headed_hh,percentiles_81_90,2005,15.3,7.6,3.2,3.7,0.8
elderly_headed_hh,percentiles_81_90,2006,15.5,7.8,3.1,4.0,0.7
elderly_headed_hh,percentiles_81_90,2007,14.8,7.9,3.0,3.2,0.7
elderly_headed_hh,percentiles_81_90,2008,12.6,6.8,3.2,2.0,0.6
elderly_headed_hh,percentiles_81_90,2009,12.2,6.7,3.3,1.6,0.6
elderly_headed_hh,percentiles_81_90,2010,12.8,7.2,3.2,1.9,0.6
elderly_headed_hh,percentiles_81_90,2011,13.0,7.7,2.9,1.8,0.6
elderly_headed_hh,percentiles_81_90,2012,13.4,7.8,3.1,1.9,0.6
elderly_headed_hh,percentiles_81_90,2013,14.5,8.0,3.5,2.4,0.6
elderly_headed_hh,percentiles_81_90,2014,14.8,8.0,3.6,2.5,0.7
elderly_headed_hh,percentiles_91_95,1979,21.7,9.9,3.5,7.3,0.9
elderly_headed_hh,percentiles_91_95,1980,21.4,10.8,3.0,6.8,0.8
elderly_headed_hh,percentiles_91_95,1981,19.9,11.3,3.0,4.8,0.7
elderly_headed_hh,percentiles_91_95,1982,17.3,10.8,3.1,2.8,0.7
elderly_headed_hh,percentiles_91_95,1983,17.1,9.7,3.0,3.7,0.8
elderly_headed_hh,percentiles_91_95,1984,18.6,10.8,3.0,4.0,0.8
elderly_headed_hh,percentiles_91_95,1985,18.7,11.1,3.1,3.7,0.8
elderly_headed_hh,percentiles_91_95,1986,18.3,10.6,3.1,3.8,0.8
elderly_headed_hh,percentiles_91_95,1987,20.5,11.1,3.1,5.4,0.8
elderly_headed_hh,percentiles_91_95,1988,20.0,10.7,3.4,5.0,0.8
elderly_headed_hh,percentiles_91_95,1989,19.8,11.0,2.9,5.2,0.7
elderly_headed_hh,percentiles_91_95,1990,19.3,10.6,3.1,4.8,0.8
elderly_headed_hh,percentiles_91_95,1991,18.8,10.5,3.2,4.3,0.9
elderly_headed_hh,percentiles_91_95,1992,19.2,10.3,2.9,5.1,0.9
elderly_headed_hh,percentiles_91_95,1993,19.0,9.3,3.1,5.6,0.9
elderly_headed_hh,percentiles_91_95,1994,20.3,10.5,3.0,5.9,0.9
elderly_headed_hh,percentiles_91_95,1995,21.1,10.8,3.0,6.3,0.9
elderly_headed_hh,percentiles_91_95,1996,20.9,11.1,3.0,6.1,0.8
elderly_headed_hh,percentiles_91_95,1997,20.7,11.5,2.7,5.7,0.8
elderly_headed_hh,percentiles_91_95,1998,20.7,11.7,2.9,5.2,0.8
elderly_headed_hh,percentiles_91_95,1999,21.0,12.2,3.0,5.0,0.9
elderly_headed_hh,percentiles_91_95,2000,20.8,12.5,3.0,4.6,0.8
elderly_headed_hh,percentiles_91_95,2001,18.9,11.5,3.5,3.3,0.7
elderly_headed_hh,percentiles_91_95,2002,18.1,11.1,3.2,3.0,0.7
elderly_headed_hh,percentiles_91_95,2003,17.5,9.5,3.7,3.5,0.7
elderly_headed_hh,percentiles_91_95,2004,18.2,9.4,3.6,4.4,0.8
elderly_headed_hh,percentiles_91_95,2005,18.6,9.4,3.4,5.1,0.7
elderly_headed_hh,percentiles_91_95,2006,18.8,9.5,3.2,5.5,0.6
elderly_headed_hh,percentiles_91_95,2007,18.1,9.9,3.2,4.5,0.6
elderly_headed_hh,percentiles_91_95,2008,16.1,9.2,3.6,2.7,0.5
elderly_headed_hh,percentiles_91_95,2009,15.0,8.8,3.8,2.0,0.5
elderly_headed_hh,percentiles_91_95,2010,16.2,9.4,3.8,2.6,0.5
elderly_headed_hh,percentiles_91_95,2011,16.5,10.0,3.4,2.6,0.5
elderly_headed_hh,percentiles_91_95,2012,16.9,10.2,3.4,2.6,0.6
elderly_headed_hh,percentiles_91_95,2013,18.3,10.2,4.1,3.5,0.6
elderly_headed_hh,percentiles_91_95,2014,18.0,10.1,3.9,3.5,0.6
elderly_headed_hh,percentiles_96_99,1979,26.4,13.2,2.0,10.4,0.8
elderly_headed_hh,percentiles_96_99,1980,25.6,14.7,2.1,8.2,0.7
elderly_headed_hh,percentiles_96_99,1981,25.1,16.0,2.2,6.3,0.6
elderly_headed_hh,percentiles_96_99,1982,22.0,15.5,2.4,3.5,0.6
elderly_headed_hh,percentiles_96_99,1983,21.1,13.5,2.1,4.8,0.7
elderly_headed_hh,percentiles_96_99,1984,22.8,14.6,2.4,5.2,0.6
elderly_headed_hh,percentiles_96_99,1985,22.3,14.5,2.4,4.7,0.7
elderly_headed_hh,percentiles_96_99,1986,21.3,13.5,2.5,4.6,0.8
elderly_headed_hh,percentiles_96_99,1987,24.6,14.4,2.4,7.0,0.8
elderly_headed_hh,percentiles_96_99,1988,24.0,14.1,2.3,6.9,0.8
elderly_headed_hh,percentiles_96_99,1989,23.9,14.4,2.3,6.6,0.6
elderly_headed_hh,percentiles_96_99,1990,23.3,14.0,2.6,6.1,0.6
elderly_headed_hh,percentiles_96_99,1991,22.5,13.3,2.6,5.8,0.7
elderly_headed_hh,percentiles_96_99,1992,22.6,12.6,2.8,6.4,0.7
elderly_headed_hh,percentiles_96_99,1993,23.3,12.3,2.7,7.4,0.8
elderly_headed_hh,percentiles_96_99,1994,23.6,12.7,2.7,7.4,0.7
elderly_headed_hh,percentiles_96_99,1995,24.7,13.5,2.7,7.8,0.7
elderly_headed_hh,percentiles_96_99,1996,25.0,14.2,2.6,7.6,0.7
elderly_headed_hh,percentiles_96_99,1997,24.9,14.3,2.5,7.5,0.7
elderly_headed_hh,percentiles_96_99,1998,24.1,14.4,2.4,6.7,0.7
elderly_headed_hh,percentiles_96_99,1999,24.7,15.1,2.3,6.5,0.8
elderly_headed_hh,percentiles_96_99,2000,24.3,15.5,2.3,5.9,0.6
elderly_headed_hh,percentiles_96_99,2001,22.8,14.9,2.6,4.8,0.6
elderly_headed_hh,percentiles_96_99,2002,22.2,14.3,2.8,4.5,0.6
elderly_headed_hh,percentiles_96_99,2003,21.7,12.3,3.1,5.7,0.6
elderly_headed_hh,percentiles_96_99,2004,22.1,12.1,2.9,6.4,0.7
elderly_headed_hh,percentiles_96_99,2005,23.4,12.4,2.8,7.6,0.6
elderly_headed_hh,percentiles_96_99,2006,23.3,12.5,2.6,7.7,0.5
elderly_headed_hh,percentiles_96_99,2007,22.4,13.1,2.5,6.3,0.5
elderly_headed_hh,percentiles_96_99,2008,20.7,13.1,3.3,3.8,0.5
elderly_headed_hh,percentiles_96_99,2009,19.5,11.8,3.9,3.3,0.4
elderly_headed_hh,percentiles_96_99,2010,21.0,13.0,3.7,4.0,0.4
elderly_headed_hh,percentiles_96_99,2011,20.8,13.2,3.3,3.9,0.5
elderly_headed_hh,percentiles_96_99,2012,21.6,13.6,3.3,4.2,0.5
elderly_headed_hh,percentiles_96_99,2013,23.0,13.5,3.7,5.3,0.5
elderly_headed_hh,percentiles_96_99,2014,23.3,13.9,3.4,5.5,0.5
elderly_headed_hh,top_1_percent,1979,37.3,21.9,0.5,14.3,0.6
elderly_headed_hh,top_1_percent,1980,35.6,23.2,0.5,11.4,0.5
elderly_headed_hh,top_1_percent,1981,32.5,22.7,0.7,8.7,0.4
elderly_headed_hh,top_1_percent,1982,27.9,21.3,0.8,5.4,0.4
elderly_headed_hh,top_1_percent,1983,27.3,19.5,0.8,6.6,0.4
elderly_headed_hh,top_1_percent,1984,28.2,19.8,0.7,7.3,0.4
elderly_headed_hh,top_1_percent,1985,27.0,19.5,0.8,6.4,0.4
elderly_headed_hh,top_1_percent,1986,25.1,18.3,0.6,5.7,0.5
elderly_headed_hh,top_1_percent,1987,29.5,19.1,0.7,9.3,0.5
elderly_headed_hh,top_1_percent,1988,29.2,19.4,0.6,8.8,0.4
elderly_headed_hh,top_1_percent,1989,28.0,18.4,0.7,8.7,0.3
elderly_headed_hh,top_1_percent,1990,27.9,18.4,0.7,8.4,0.3
elderly_headed_hh,top_1_percent,1991,27.6,17.8,1.0,8.3,0.4
elderly_headed_hh,top_1_percent,1992,29.0,18.3,1.0,9.3,0.4
elderly_headed_hh,top_1_percent,1993,31.5,19.2,1.0,10.9,0.4
elderly_headed_hh,top_1_percent,1994,32.8,19.4,1.2,11.8,0.4
elderly_headed_hh,top_1_percent,1995,33.5,20.0,1.1,12.0,0.4
elderly_headed_hh,top_1_percent,1996,33.6,21.0,1.0,11.2,0.4
elderly_headed_hh,top_1_percent,1997,32.1,20.6,0.9,10.2,0.3
elderly_headed_hh,top_1_percent,1998,30.3,19.9,0.9,9.1,0.3
elderly_headed_hh,top_1_percent,1999,30.3,20.6,1.0,8.4,0.4
elderly_headed_hh,top_1_percent,2000,29.8,20.8,0.9,7.8,0.3
elderly_headed_hh,top_1_percent,2001,29.6,20.9,1.0,7.3,0.3
elderly_headed_hh,top_1_percent,2002,29.8,20.4,1.1,8.0,0.3
elderly_headed_hh,top_1_percent,2003,28.7,17.0,1.0,10.4,0.3
elderly_headed_hh,top_1_percent,2004,28.5,16.3,0.9,10.9,0.4
elderly_headed_hh,top_1_percent,2005,28.9,16.2,0.8,11.7,0.3
elderly_headed_hh,top_1_percent,2006,28.7,16.0,0.8,11.6,0.3
elderly_headed_hh,top_1_percent,2007,26.6,16.3,0.7,9.4,0.2
elderly_headed_hh,top_1_percent,2008,26.1,17.4,1.0,7.5,0.2
elderly_headed_hh,top_1_percent,2009,26.7,17.7,1.4,7.4,0.2
elderly_headed_hh,top_1_percent,2010,27.4,17.1,1.2,8.9,0.2
elderly_headed_hh,top_1_percent,2011,27.6,17.6,1.1,8.7,0.2
elderly_headed_hh,top_1_percent,2012,27.3,17.2,0.9,9.0,0.2
elderly_headed_hh,top_1_percent,2013,32.3,20.7,1.4,9.9,0.2
elderly_headed_hh,top_1_percent,2014,32.5,21.3,1.2,9.7,0.2
nonelderly_childless_hh,all_quintiles,1979,24.6,12.9,7.7,3.1,1.0
nonelderly_childless_hh,all_quintiles,1980,24.8,13.6,7.7,2.5,0.9
nonelderly_childless_hh,all_quintiles,1981,25.1,13.9,8.4,2.0,0.8
nonelderly_childless_hh,all_quintiles,1982,23.3,12.7,8.5,1.3,0.8
nonelderly_childless_hh,all_quintiles,1983,22.7,11.6,8.6,1.6,0.9
nonelderly_childless_hh,all_quintiles,1984,22.6,11.2,8.6,1.8,0.9
nonelderly_childless_hh,all_quintiles,1985,23.1,11.5,8.9,1.7,0.9
nonelderly_childless_hh,all_quintiles,1986,23.1,11.7,8.9,1.7,0.9
nonelderly_childless_hh,all_quintiles,1987,24.0,11.8,9.2,2.1,0.9
nonelderly_childless_hh,all_quintiles,1988,24.1,11.9,9.2,2.2,0.9
nonelderly_childless_hh,all_quintiles,1989,23.9,11.7,9.3,2.0,0.9
nonelderly_childless_hh,all_quintiles,1990,24.0,11.7,9.5,2.0,0.8
nonelderly_childless_hh,all_quintiles,1991,24.1,11.6,9.7,1.8,0.9
nonelderly_childless_hh,all_quintiles,1992,24.1,11.7,9.5,1.9,0.9
nonelderly_childless_hh,all_quintiles,1993,24.5,11.7,9.6,2.3,1.0
nonelderly_childless_hh,all_quintiles,1994,24.9,11.7,9.7,2.4,1.1
nonelderly_childless_hh,all_quintiles,1995,25.1,11.8,9.7,2.5,1.0
nonelderly_childless_hh,all_quintiles,1996,25.3,12.3,9.5,2.6,0.9
nonelderly_childless_hh,all_quintiles,1997,25.4,12.7,9.3,2.6,0.9
nonelderly_childless_hh,all_quintiles,1998,25.1,12.6,9.3,2.3,0.9
nonelderly_childless_hh,all_quintiles,1999,25.3,12.9,9.2,2.3,0.9
nonelderly_childless_hh,all_quintiles,2000,25.2,13.2,9.1,2.2,0.8
nonelderly_childless_hh,all_quintiles,2001,23.9,11.8,9.7,1.5,0.8
nonelderly_childless_hh,all_quintiles,2002,23.0,11.0,9.8,1.4,0.9
nonelderly_childless_hh,all_quintiles,2003,22.3,9.9,9.7,1.8,0.8
nonelderly_childless_hh,all_quintiles,2004,22.5,10.1,9.3,2.3,0.8
nonelderly_childless_hh,all_quintiles,2005,22.9,10.4,8.8,3.0,0.8
nonelderly_childless_hh,all_quintiles,2006,22.9,10.3,8.8,3.1,0.7
nonelderly_childless_hh,all_quintiles,2007,22.3,10.3,9.0,2.5,0.6
nonelderly_childless_hh,all_quintiles,2008,20.7,9.1,9.4,1.6,0.7
nonelderly_childless_hh,all_quintiles,2009,20.2,8.6,9.7,1.3,0.7
nonelderly_childless_hh,all_quintiles,2010,20.6,8.8,9.5,1.7,0.7
nonelderly_childless_hh,all_quintiles,2011,20.3,9.6,8.3,1.7,0.7
nonelderly_childless_hh,all_quintiles,2012,20.9,10.2,8.1,1.9,0.7
nonelderly_childless_hh,all_quintiles,2013,22.7,10.3,9.6,2.0,0.8
nonelderly_childless_hh,all_quintiles,2014,23.1,10.6,9.5,2.2,0.8
nonelderly_childless_hh,lowest_quintile,1979,12.3,1.0,7.0,1.9,2.4
nonelderly_childless_hh,lowest_quintile,1980,11.6,1.1,6.8,1.6,2.1
nonelderly_childless_hh,lowest_quintile,1981,12.2,1.4,7.5,1.4,1.9
nonelderly_childless_hh,lowest_quintile,1982,11.8,1.3,7.6,0.8,2.0
nonelderly_childless_hh,lowest_quintile,1983,13.1,1.3,7.9,1.2,2.8
nonelderly_childless_hh,lowest_quintile,1984,13.3,1.5,7.5,1.6,2.7
nonelderly_childless_hh,lowest_quintile,1985,14.0,1.4,8.4,1.2,2.9
nonelderly_childless_hh,lowest_quintile,1986,13.8,1.2,8.5,1.3,2.8
nonelderly_childless_hh,lowest_quintile,1987,14.6,0.4,8.8,1.7,3.7
nonelderly_childless_hh,lowest_quintile,1988,14.4,0.2,9.3,1.5,3.4
nonelderly_childless_hh,lowest_quintile,1989,14.0,0.1,9.7,1.4,2.8
nonelderly_childless_hh,lowest_quintile,1990,14.8,0.5,9.9,1.3,3.0
nonelderly_childless_hh,lowest_quintile,1991,14.5,0.2,9.8,1.3,3.1
nonelderly_childless_hh,lowest_quintile,1992,14.7,-0.1,10.1,1.4,3.4
nonelderly_childless_hh,lowest_quintile,1993,14.2,-0.3,9.6,1.5,3.4
nonelderly_childless_hh,lowest_quintile,1994,13.1,-1.7,9.5,1.4,3.8
nonelderly_childless_hh,lowest_quintile,1995,13.1,-1.3,9.6,1.6,3.2
nonelderly_childless_hh,lowest_quintile,1996,12.3,-1.6,9.4,1.5,2.9
nonelderly_childless_hh,lowest_quintile,1997,12.4,-1.3,9.5,1.4,2.8
nonelderly_childless_hh,lowest_quintile,1998,12.1,-1.3,9.4,1.2,2.8
nonelderly_childless_hh,lowest_quintile,1999,11.9,-1.7,9.4,1.3,2.9
nonelderly_childless_hh,lowest_quintile,2000,12.2,-1.6,9.5,1.2,3.1
nonelderly_childless_hh,lowest_quintile,2001,11.2,-2.1,9.4,0.8,3.1
nonelderly_childless_hh,lowest_quintile,2002,10.6,-2.3,9.1,0.8,3.0
nonelderly_childless_hh,lowest_quintile,2003,10.8,-2.6,9.2,1.0,3.2
nonelderly_childless_hh,lowest_quintile,2004,10.4,-2.6,9.2,1.2,2.7
nonelderly_childless_hh,lowest_quintile,2005,11.2,-2.4,9.5,1.5,2.8
nonelderly_childless_hh,lowest_quintile,2006,11.8,-2.5,9.7,1.6,3.1
nonelderly_childless_hh,lowest_quintile,2007,11.0,-2.5,9.9,1.3,2.3
nonelderly_childless_hh,lowest_quintile,2008,7.7,-5.8,10.0,0.9,2.7
nonelderly_childless_hh,lowest_quintile,2009,6.7,-6.4,9.7,0.7,2.7
nonelderly_childless_hh,lowest_quintile,2010,7.5,-6.3,9.7,0.9,3.2
nonelderly_childless_hh,lowest_quintile,2011,7.9,-4.6,8.5,0.9,3.2
nonelderly_childless_hh,lowest_quintile,2012,8.4,-4.1,8.3,1.0,3.2
nonelderly_childless_hh,lowest_quintile,2013,10.0,-4.6,10.1,1.0,3.5
nonelderly_childless_hh,lowest_quintile,2014,8.9,-5.7,9.9,1.1,3.6
nonelderly_childless_hh,second_quintile,1979,16.7,4.8,8.6,1.8,1.6
nonelderly_childless_hh,second_quintile,1980,16.7,5.3,8.5,1.5,1.4
nonelderly_childless_hh,second_quintile,1981,17.2,5.7,9.1,1.2,1.2
nonelderly_childless_hh,second_quintile,1982,16.2,5.1,9.1,0.8,1.3
nonelderly_childless_hh,second_quintile,1983,16.0,4.6,8.9,1.0,1.5
nonelderly_childless_hh,second_quintile,1984,16.5,4.8,9.0,1.2,1.5
nonelderly_childless_hh,second_quintile,1985,17.3,5.0,9.8,1.1,1.5
nonelderly_childless_hh,second_quintile,1986,17.2,4.8,9.8,1.1,1.5
nonelderly_childless_hh,second_quintile,1987,16.9,4.0,9.8,1.4,1.6
nonelderly_childless_hh,second_quintile,1988,17.5,4.1,10.4,1.3,1.6
nonelderly_childless_hh,second_quintile,1989,17.1,4.1,10.4,1.2,1.4
nonelderly_childless_hh,second_quintile,1990,17.4,4.3,10.5,1.2,1.5
nonelderly_childless_hh,second_quintile,1991,17.0,3.9,10.4,1.1,1.6
nonelderly_childless_hh,second_quintile,1992,16.5,3.6,10.1,1.1,1.8
nonelderly_childless_hh,second_quintile,1993,16.7,3.6,10.1,1.3,1.8
nonelderly_childless_hh,second_quintile,1994,16.6,3.1,10.1,1.4,2.0
nonelderly_childless_hh,second_quintile,1995,16.7,3.3,10.2,1.5,1.8
nonelderly_childless_hh,second_quintile,1996,16.8,3.3,10.3,1.4,1.6
nonelderly_childless_hh,second_quintile,1997,17.0,3.5,10.3,1.4,1.7
nonelderly_childless_hh,second_quintile,1998,16.2,3.1,10.3,1.2,1.6
nonelderly_childless_hh,second_quintile,1999,16.5,3.1,10.5,1.2,1.6
nonelderly_childless_hh,second_quintile,2000,16.5,3.5,10.4,1.2,1.5
nonelderly_childless_hh,second_quintile,2001,14.5,2.0,10.2,0.8,1.5
nonelderly_childless_hh,second_quintile,2002,13.7,1.4,10.0,0.7,1.6
nonelderly_childless_hh,second_quintile,2003,13.3,0.9,10.0,0.9,1.5
nonelderly_childless_hh,second_quintile,2004,13.5,1.0,9.9,1.1,1.5
nonelderly_childless_hh,second_quintile,2005,14.0,1.3,9.9,1.4,1.4
nonelderly_childless_hh,second_quintile,2006,13.8,1.2,9.8,1.4,1.4
nonelderly_childless_hh,second_quintile,2007,13.8,1.6,10.0,1.2,1.0
nonelderly_childless_hh,second_quintile,2008,10.8,-1.0,9.9,0.8,1.1
nonelderly_childless_hh,second_quintile,2009,10.0,-1.3,9.5,0.6,1.2
nonelderly_childless_hh,second_quintile,2010,10.4,-1.0,9.4,0.8,1.2
nonelderly_childless_hh,second_quintile,2011,10.4,,8.3,0.8,1.3
nonelderly_childless_hh,second_quintile,2012,10.7,0.2,8.3,0.9,1.3
nonelderly_childless_hh,second_quintile,2013,12.1,0.2,9.6,1.0,1.3
nonelderly_childless_hh,second_quintile,2014,12.2,-0.2,9.9,1.0,1.4
nonelderly_childless_hh,middle_quintile,1979,20.3,8.0,9.1,1.8,1.3
nonelderly_childless_hh,middle_quintile,1980,20.5,8.7,9.1,1.6,1.1
nonelderly_childless_hh,middle_quintile,1981,20.9,9.0,9.6,1.3,1.0
nonelderly_childless_hh,middle_quintile,1982,19.7,8.1,9.8,0.8,1.0
nonelderly_childless_hh,middle_quintile,1983,19.2,7.4,9.6,1.0,1.1
nonelderly_childless_hh,middle_quintile,1984,19.5,7.3,9.8,1.2,1.2
nonelderly_childless_hh,middle_quintile,1985,20.3,7.6,10.5,1.0,1.2
nonelderly_childless_hh,middle_quintile,1986,20.3,7.5,10.6,1.1,1.1
nonelderly_childless_hh,middle_quintile,1987,20.1,7.0,10.6,1.4,1.2
nonelderly_childless_hh,middle_quintile,1988,20.2,6.9,10.9,1.4,1.2
nonelderly_childless_hh,middle_quintile,1989,20.4,7.0,10.9,1.3,1.1
nonelderly_childless_hh,middle_quintile,1990,20.6,7.1,11.2,1.2,1.1
nonelderly_childless_hh,middle_quintile,1991,20.3,7.0,11.0,1.1,1.2
nonelderly_childless_hh,middle_quintile,1992,20.1,6.7,11.0,1.2,1.3
nonelderly_childless_hh,middle_quintile,1993,20.0,6.6,10.8,1.3,1.3
nonelderly_childless_hh,middle_quintile,1994,20.3,6.5,10.9,1.4,1.5
nonelderly_childless_hh,middle_quintile,1995,20.4,6.5,11.0,1.5,1.4
nonelderly_childless_hh,middle_quintile,1996,20.5,6.6,11.1,1.5,1.3
nonelderly_childless_hh,middle_quintile,1997,20.7,6.8,11.2,1.4,1.2
nonelderly_childless_hh,middle_quintile,1998,20.4,6.6,11.2,1.3,1.2
nonelderly_childless_hh,middle_quintile,1999,20.5,6.6,11.2,1.3,1.3
nonelderly_childless_hh,middle_quintile,2000,20.2,6.7,11.2,1.2,1.2
nonelderly_childless_hh,middle_quintile,2001,18.6,5.4,11.3,0.9,1.1
nonelderly_childless_hh,middle_quintile,2002,18.1,5.1,11.1,0.8,1.2
nonelderly_childless_hh,middle_quintile,2003,17.5,4.5,10.9,1.0,1.1
nonelderly_childless_hh,middle_quintile,2004,17.7,4.5,10.9,1.2,1.1
nonelderly_childless_hh,middle_quintile,2005,17.9,4.6,10.7,1.5,1.0
nonelderly_childless_hh,middle_quintile,2006,18.1,4.7,10.8,1.6,1.0
nonelderly_childless_hh,middle_quintile,2007,17.9,4.8,10.8,1.4,0.9
nonelderly_childless_hh,middle_quintile,2008,15.3,2.8,10.8,0.8,0.8
nonelderly_childless_hh,middle_quintile,2009,14.6,2.6,10.5,0.6,0.9
nonelderly_childless_hh,middle_quintile,2010,15.0,2.9,10.3,0.9,0.9
nonelderly_childless_hh,middle_quintile,2011,14.9,4.0,9.1,0.9,0.9
nonelderly_childless_hh,middle_quintile,2012,15.3,4.2,9.2,1.0,1.0
nonelderly_childless_hh,middle_quintile,2013,16.9,4.2,10.7,1.1,1.0
nonelderly_childless_hh,middle_quintile,2014,17.1,4.1,10.8,1.2,1.1
nonelderly_childless_hh,fourth_quintile,1979,22.9,10.7,9.3,1.9,1.0
nonelderly_childless_hh,fourth_quintile,1980,23.1,11.3,9.3,1.6,0.9
nonelderly_childless_hh,fourth_quintile,1981,23.9,11.7,10.1,1.3,0.8
nonelderly_childless_hh,fourth_quintile,1982,22.4,10.8,10.0,0.8,0.8
nonelderly_childless_hh,fourth_quintile,1983,21.9,9.8,10.1,1.1,1.0
nonelderly_childless_hh,fourth_quintile,1984,21.9,9.5,10.2,1.2,1.0
nonelderly_childless_hh,fourth_quintile,1985,22.4,9.6,10.7,1.1,1.0
nonelderly_childless_hh,fourth_quintile,1986,22.6,9.6,11.0,1.1,0.9
nonelderly_childless_hh,fourth_quintile,1987,22.1,8.9,10.8,1.4,1.0
nonelderly_childless_hh,fourth_quintile,1988,22.6,8.9,11.3,1.4,1.0
nonelderly_childless_hh,fourth_quintile,1989,22.6,9.1,11.2,1.3,0.9
nonelderly_childless_hh,fourth_quintile,1990,22.6,8.9,11.5,1.2,0.9
nonelderly_childless_hh,fourth_quintile,1991,22.4,8.9,11.3,1.2,1.0
nonelderly_childless_hh,fourth_quintile,1992,22.1,8.6,11.3,1.2,1.0
nonelderly_childless_hh,fourth_quintile,1993,22.1,8.5,11.1,1.4,1.0
nonelderly_childless_hh,fourth_quintile,1994,22.4,8.5,11.2,1.5,1.1
nonelderly_childless_hh,fourth_quintile,1995,22.6,8.6,11.3,1.6,1.1
nonelderly_childless_hh,fourth_quintile,1996,22.7,8.7,11.4,1.6,1.0
nonelderly_childless_hh,fourth_quintile,1997,22.8,8.8,11.4,1.5,1.0
nonelderly_childless_hh,fourth_quintile,1998,22.7,8.8,11.5,1.4,1.0
nonelderly_childless_hh,fourth_quintile,1999,22.7,8.9,11.5,1.4,1.0
nonelderly_childless_hh,fourth_quintile,2000,22.5,8.9,11.4,1.3,0.9
nonelderly_childless_hh,fourth_quintile,2001,21.3,8.0,11.5,0.9,0.9
nonelderly_childless_hh,fourth_quintile,2002,20.6,7.6,11.3,0.8,0.9
nonelderly_childless_hh,fourth_quintile,2003,20.3,7.0,11.3,1.0,0.9
nonelderly_childless_hh,fourth_quintile,2004,20.3,7.0,11.2,1.2,0.9
nonelderly_childless_hh,fourth_quintile,2005,20.5,7.0,11.1,1.6,0.9
nonelderly_childless_hh,fourth_quintile,2006,20.6,7.0,11.1,1.7,0.8
nonelderly_childless_hh,fourth_quintile,2007,20.4,7.1,11.1,1.5,0.7
nonelderly_childless_hh,fourth_quintile,2008,18.4,5.7,11.2,0.9,0.7
nonelderly_childless_hh,fourth_quintile,2009,18.0,5.6,11.1,0.7,0.7
nonelderly_childless_hh,fourth_quintile,2010,18.5,6.0,10.9,0.9,0.7
nonelderly_childless_hh,fourth_quintile,2011,18.2,6.9,9.6,1.0,0.7
nonelderly_childless_hh,fourth_quintile,2012,18.5,7.1,9.6,1.1,0.7
nonelderly_childless_hh,fourth_quintile,2013,20.2,7.2,11.1,1.2,0.7
nonelderly_childless_hh,fourth_quintile,2014,20.5,7.2,11.2,1.3,0.8
nonelderly_childless_hh,highest_quintile,1979,27.6,16.2,6.7,4.0,0.8
nonelderly_childless_hh,highest_quintile,1980,27.7,17.0,6.8,3.2,0.7
nonelderly_childless_hh,highest_quintile,1981,27.7,17.1,7.5,2.5,0.6
nonelderly_childless_hh,highest_quintile,1982,25.4,15.6,7.6,1.5,0.6
nonelderly_childless_hh,highest_quintile,1983,24.6,14.3,7.7,1.9,0.7
nonelderly_childless_hh,highest_quintile,1984,24.5,13.8,7.7,2.2,0.7
nonelderly_childless_hh,highest_quintile,1985,24.7,14.1,7.8,2.1,0.7
nonelderly_childless_hh,highest_quintile,1986,24.5,14.1,7.7,2.0,0.6
nonelderly_childless_hh,highest_quintile,1987,26.2,14.9,8.1,2.6,0.7
nonelderly_childless_hh,highest_quintile,1988,26.1,14.9,7.9,2.6,0.6
nonelderly_childless_hh,highest_quintile,1989,25.8,14.7,8.0,2.5,0.6
nonelderly_childless_hh,highest_quintile,1990,25.8,14.6,8.2,2.4,0.6
nonelderly_childless_hh,highest_quintile,1991,26.1,14.5,8.7,2.2,0.7
nonelderly_childless_hh,highest_quintile,1992,26.2,14.8,8.4,2.4,0.6
nonelderly_childless_hh,highest_quintile,1993,27.2,15.1,8.6,2.8,0.7
nonelderly_childless_hh,highest_quintile,1994,27.7,15.1,8.8,3.0,0.7
nonelderly_childless_hh,highest_quintile,1995,28.0,15.4,8.7,3.2,0.7
nonelderly_childless_hh,highest_quintile,1996,28.2,15.9,8.4,3.2,0.6
nonelderly_childless_hh,highest_quintile,1997,28.3,16.4,8.1,3.2,0.6
nonelderly_childless_hh,highest_quintile,1998,28.0,16.5,8.0,2.9,0.6
nonelderly_childless_hh,highest_quintile,1999,28.3,16.9,7.9,2.9,0.6
nonelderly_childless_hh,highest_quintile,2000,28.3,17.3,7.7,2.7,0.5
nonelderly_childless_hh,highest_quintile,2001,27.1,16.0,8.6,1.9,0.6
nonelderly_childless_hh,highest_quintile,2002,26.3,15.1,8.9,1.7,0.6
nonelderly_childless_hh,highest_quintile,2003,25.2,13.5,8.8,2.4,0.6
nonelderly_childless_hh,highest_quintile,2004,25.4,13.7,8.2,2.9,0.5
nonelderly_childless_hh,highest_quintile,2005,25.8,14.0,7.5,3.8,0.5
nonelderly_childless_hh,highest_quintile,2006,25.8,13.9,7.5,3.9,0.5
nonelderly_childless_hh,highest_quintile,2007,25.2,14.0,7.6,3.1,0.4
nonelderly_childless_hh,highest_quintile,2008,24.2,13.6,8.2,2.1,0.4
nonelderly_childless_hh,highest_quintile,2009,23.8,13.0,8.7,1.6,0.4
nonelderly_childless_hh,highest_quintile,2010,24.4,13.3,8.5,2.2,0.4
nonelderly_childless_hh,highest_quintile,2011,23.8,13.8,7.4,2.2,0.4
nonelderly_childless_hh,highest_quintile,2012,24.3,14.2,7.1,2.5,0.4
nonelderly_childless_hh,highest_quintile,2013,26.5,14.8,8.5,2.7,0.5
nonelderly_childless_hh,highest_quintile,2014,26.9,15.3,8.3,2.8,0.5
nonelderly_childless_hh,percentiles_81_90,1979,24.8,12.8,9.0,2.1,0.9
nonelderly_childless_hh,percentiles_81_90,1980,25.2,13.6,9.0,1.8,0.8
nonelderly_childless_hh,percentiles_81_90,1981,26.0,14.1,9.7,1.4,0.7
nonelderly_childless_hh,percentiles_81_90,1982,24.2,12.9,9.7,0.9,0.7
nonelderly_childless_hh,percentiles_81_90,1983,23.6,11.7,10.0,1.1,0.8
nonelderly_childless_hh,percentiles_81_90,1984,23.6,11.3,10.3,1.3,0.9
nonelderly_childless_hh,percentiles_81_90,1985,23.8,11.3,10.6,1.1,0.8
nonelderly_childless_hh,percentiles_81_90,1986,24.0,11.3,10.8,1.2,0.8
nonelderly_childless_hh,percentiles_81_90,1987,24.1,11.0,10.8,1.5,0.8
nonelderly_childless_hh,percentiles_81_90,1988,24.4,11.0,11.1,1.4,0.8
nonelderly_childless_hh,percentiles_81_90,1989,24.3,11.1,11.0,1.4,0.8
nonelderly_childless_hh,percentiles_81_90,1990,24.3,10.9,11.3,1.3,0.8
nonelderly_childless_hh,percentiles_81_90,1991,24.1,10.8,11.2,1.2,0.9
nonelderly_childless_hh,percentiles_81_90,1992,24.1,10.6,11.3,1.3,0.9
nonelderly_childless_hh,percentiles_81_90,1993,24.1,10.4,11.3,1.5,0.9
nonelderly_childless_hh,percentiles_81_90,1994,24.4,10.6,11.4,1.5,0.9
nonelderly_childless_hh,percentiles_81_90,1995,24.5,10.6,11.3,1.7,0.9
nonelderly_childless_hh,percentiles_81_90,1996,24.5,10.7,11.2,1.8,0.8
nonelderly_childless_hh,percentiles_81_90,1997,24.9,11.0,11.4,1.7,0.8
nonelderly_childless_hh,percentiles_81_90,1998,24.8,11.1,11.4,1.5,0.8
nonelderly_childless_hh,percentiles_81_90,1999,24.9,11.2,11.4,1.5,0.9
nonelderly_childless_hh,percentiles_81_90,2000,24.9,11.4,11.3,1.4,0.8
nonelderly_childless_hh,percentiles_81_90,2001,23.6,10.4,11.5,1.0,0.8
nonelderly_childless_hh,percentiles_81_90,2002,23.1,10.0,11.4,0.9,0.7
nonelderly_childless_hh,percentiles_81_90,2003,22.2,9.0,11.3,1.1,0.7
nonelderly_childless_hh,percentiles_81_90,2004,22.2,9.0,11.1,1.3,0.7
nonelderly_childless_hh,percentiles_81_90,2005,22.4,8.9,11.1,1.7,0.7
nonelderly_childless_hh,percentiles_81_90,2006,22.5,9.0,11.0,1.9,0.6
nonelderly_childless_hh,percentiles_81_90,2007,22.4,9.1,11.1,1.6,0.6
nonelderly_childless_hh,percentiles_81_90,2008,20.8,8.2,11.2,1.0,0.5
nonelderly_childless_hh,percentiles_81_90,2009,20.4,7.9,11.2,0.8,0.5
nonelderly_childless_hh,percentiles_81_90,2010,21.1,8.4,11.1,1.0,0.5
nonelderly_childless_hh,percentiles_81_90,2011,20.3,9.1,9.6,1.0,0.6
nonelderly_childless_hh,percentiles_81_90,2012,20.7,9.3,9.7,1.1,0.6
nonelderly_childless_hh,percentiles_81_90,2013,22.7,9.5,11.3,1.3,0.6
nonelderly_childless_hh,percentiles_81_90,2014,22.9,9.6,11.2,1.4,0.7
nonelderly_childless_hh,percentiles_91_95,1979,26.3,14.7,8.2,2.5,0.8
nonelderly_childless_hh,percentiles_91_95,1980,26.8,15.7,8.2,2.1,0.7
nonelderly_childless_hh,percentiles_91_95,1981,27.4,16.1,9.1,1.6,0.6
nonelderly_childless_hh,percentiles_91_95,1982,25.3,14.4,9.4,0.9,0.7
nonelderly_childless_hh,percentiles_91_95,1983,24.4,13.1,9.4,1.2,0.7
nonelderly_childless_hh,percentiles_91_95,1984,24.3,12.6,9.5,1.4,0.8
nonelderly_childless_hh,percentiles_91_95,1985,24.6,12.6,9.9,1.3,0.8
nonelderly_childless_hh,percentiles_91_95,1986,24.8,12.7,10.0,1.3,0.7
nonelderly_childless_hh,percentiles_91_95,1987,25.4,13.0,10.0,1.7,0.8
nonelderly_childless_hh,percentiles_91_95,1988,25.5,12.7,10.4,1.6,0.7
nonelderly_childless_hh,percentiles_91_95,1989,25.4,12.8,10.3,1.6,0.7
nonelderly_childless_hh,percentiles_91_95,1990,25.5,12.7,10.6,1.6,0.7
nonelderly_childless_hh,percentiles_91_95,1991,25.5,12.4,10.9,1.4,0.7
nonelderly_childless_hh,percentiles_91_95,1992,25.2,12.2,10.7,1.5,0.7
nonelderly_childless_hh,percentiles_91_95,1993,25.5,12.2,10.7,1.8,0.8
nonelderly_childless_hh,percentiles_91_95,1994,25.8,12.3,10.9,1.7,0.8
nonelderly_childless_hh,percentiles_91_95,1995,26.1,12.4,10.9,1.9,0.8
nonelderly_childless_hh,percentiles_91_95,1996,26.3,12.8,10.8,2.0,0.7
nonelderly_childless_hh,percentiles_91_95,1997,26.4,13.1,10.6,2.0,0.7
nonelderly_childless_hh,percentiles_91_95,1998,26.3,13.2,10.6,1.8,0.7
nonelderly_childless_hh,percentiles_91_95,1999,26.6,13.6,10.6,1.8,0.7
nonelderly_childless_hh,percentiles_91_95,2000,26.4,13.6,10.5,1.7,0.7
nonelderly_childless_hh,percentiles_91_95,2001,25.7,12.8,11.1,1.1,0.6
nonelderly_childless_hh,percentiles_91_95,2002,24.8,12.2,11.0,1.0,0.6
nonelderly_childless_hh,percentiles_91_95,2003,23.8,10.9,11.0,1.2,0.6
nonelderly_childless_hh,percentiles_91_95,2004,23.8,10.9,10.8,1.6,0.6
nonelderly_childless_hh,percentiles_91_95,2005,24.0,10.8,10.5,2.1,0.6
nonelderly_childless_hh,percentiles_91_95,2006,24.1,11.0,10.3,2.2,0.5
nonelderly_childless_hh,percentiles_91_95,2007,23.9,11.1,10.4,1.9,0.5
nonelderly_childless_hh,percentiles_91_95,2008,22.9,10.5,10.8,1.1,0.5
nonelderly_childless_hh,percentiles_91_95,2009,22.4,10.2,10.8,0.9,0.5
nonelderly_childless_hh,percentiles_91_95,2010,22.9,10.6,10.7,1.2,0.5
nonelderly_childless_hh,percentiles_91_95,2011,22.2,11.2,9.3,1.1,0.5
nonelderly_childless_hh,percentiles_91_95,2012,22.7,11.5,9.4,1.3,0.5
nonelderly_childless_hh,percentiles_91_95,2013,24.4,11.5,10.8,1.5,0.5
nonelderly_childless_hh,percentiles_91_95,2014,24.9,11.9,10.7,1.6,0.6
nonelderly_childless_hh,percentiles_96_99,1979,27.8,17.5,5.6,4.0,0.7
nonelderly_childless_hh,percentiles_96_99,1980,28.3,18.5,5.9,3.2,0.6
nonelderly_childless_hh,percentiles_96_99,1981,28.5,18.8,6.6,2.5,0.6
nonelderly_childless_hh,percentiles_96_99,1982,25.7,16.7,7.1,1.4,0.6
nonelderly_childless_hh,percentiles_96_99,1983,24.5,14.9,7.2,1.8,0.6
nonelderly_childless_hh,percentiles_96_99,1984,23.9,14.2,7.0,2.0,0.7
nonelderly_childless_hh,percentiles_96_99,1985,24.6,14.6,7.4,1.9,0.7
nonelderly_childless_hh,percentiles_96_99,1986,24.5,14.8,7.2,1.9,0.6
nonelderly_childless_hh,percentiles_96_99,1987,26.7,15.9,7.6,2.5,0.6
nonelderly_childless_hh,percentiles_96_99,1988,26.1,15.4,7.7,2.4,0.6
nonelderly_childless_hh,percentiles_96_99,1989,26.0,15.5,7.6,2.3,0.6
nonelderly_childless_hh,percentiles_96_99,1990,25.9,15.1,8.1,2.2,0.5
nonelderly_childless_hh,percentiles_96_99,1991,26.2,15.0,8.7,1.9,0.6
nonelderly_childless_hh,percentiles_96_99,1992,26.4,15.0,8.6,2.1,0.6
nonelderly_childless_hh,percentiles_96_99,1993,27.0,15.0,8.7,2.6,0.7
nonelderly_childless_hh,percentiles_96_99,1994,27.2,15.3,8.7,2.5,0.7
nonelderly_childless_hh,percentiles_96_99,1995,27.7,15.6,8.5,2.9,0.7
nonelderly_childless_hh,percentiles_96_99,1996,27.8,16.0,8.3,2.8,0.6
nonelderly_childless_hh,percentiles_96_99,1997,27.9,16.5,8.1,2.9,0.6
nonelderly_childless_hh,percentiles_96_99,1998,27.9,16.9,7.9,2.5,0.6
nonelderly_childless_hh,percentiles_96_99,1999,28.3,17.3,7.9,2.5,0.6
nonelderly_childless_hh,percentiles_96_99,2000,28.4,17.6,7.9,2.4,0.5
nonelderly_childless_hh,percentiles_96_99,2001,27.2,16.4,8.6,1.6,0.5
nonelderly_childless_hh,percentiles_96_99,2002,26.5,15.6,9.0,1.4,0.5
nonelderly_childless_hh,percentiles_96_99,2003,25.3,14.0,8.9,1.9,0.5
nonelderly_childless_hh,percentiles_96_99,2004,25.5,14.3,8.3,2.4,0.5
nonelderly_childless_hh,percentiles_96_99,2005,25.8,14.5,7.6,3.2,0.5
nonelderly_childless_hh,percentiles_96_99,2006,26.1,14.9,7.5,3.3,0.4
nonelderly_childless_hh,percentiles_96_99,2007,25.6,15.0,7.5,2.7,0.4
nonelderly_childless_hh,percentiles_96_99,2008,24.9,14.6,8.3,1.6,0.4
nonelderly_childless_hh,percentiles_96_99,2009,24.6,14.1,8.9,1.2,0.4
nonelderly_childless_hh,percentiles_96_99,2010,25.1,14.5,8.6,1.6,0.4
nonelderly_childless_hh,percentiles_96_99,2011,24.4,14.9,7.4,1.6,0.4
nonelderly_childless_hh,percentiles_96_99,2012,25.0,15.6,7.2,1.8,0.4
nonelderly_childless_hh,percentiles_96_99,2013,26.6,15.6,8.4,2.2,0.4
nonelderly_childless_hh,percentiles_96_99,2014,27.0,16.0,8.1,2.4,0.5
nonelderly_childless_hh,top_1_percent,1979,34.9,23.5,1.3,9.8,0.4
nonelderly_childless_hh,top_1_percent,1980,33.0,23.5,1.4,7.6,0.4
nonelderly_childless_hh,top_1_percent,1981,30.4,22.1,1.7,6.2,0.3
nonelderly_childless_hh,top_1_percent,1982,27.2,21.0,2.0,3.9,0.3
nonelderly_childless_hh,top_1_percent,1983,26.8,19.8,2.0,4.6,0.4
nonelderly_childless_hh,top_1_percent,1984,27.1,19.6,1.8,5.2,0.4
nonelderly_childless_hh,top_1_percent,1985,26.1,19.3,1.7,4.7,0.4
nonelderly_childless_hh,top_1_percent,1986,24.8,18.8,1.4,4.1,0.4
nonelderly_childless_hh,top_1_percent,1987,30.4,22.5,2.0,5.5,0.4
nonelderly_childless_hh,top_1_percent,1988,28.7,21.5,1.7,5.2,0.3
nonelderly_childless_hh,top_1_percent,1989,28.1,20.8,1.9,5.1,0.3
nonelderly_childless_hh,top_1_percent,1990,27.8,20.7,1.8,5.0,0.3
nonelderly_childless_hh,top_1_percent,1991,29.4,21.6,2.7,4.8,0.3
nonelderly_childless_hh,top_1_percent,1992,29.8,22.3,2.3,4.9,0.3
nonelderly_childless_hh,top_1_percent,1993,33.3,24.4,2.5,6.0,0.4
nonelderly_childless_hh,top_1_percent,1994,34.7,24.2,3.1,7.0,0.4
nonelderly_childless_hh,top_1_percent,1995,34.9,24.8,2.9,6.8,0.4
nonelderly_childless_hh,top_1_percent,1996,35.0,25.4,2.7,6.5,0.3
nonelderly_childless_hh,top_1_percent,1997,34.0,25.0,2.5,6.3,0.3
nonelderly_childless_hh,top_1_percent,1998,32.8,24.5,2.3,5.8,0.2
nonelderly_childless_hh,top_1_percent,1999,33.0,25.0,2.4,5.4,0.3
nonelderly_childless_hh,top_1_percent,2000,32.6,25.1,2.3,5.0,0.2
nonelderly_childless_hh,top_1_percent,2001,32.3,25.0,2.9,4.2,0.2
nonelderly_childless_hh,top_1_percent,2002,31.9,24.4,3.1,4.1,0.3
nonelderly_childless_hh,top_1_percent,2003,30.4,21.4,3.0,5.7,0.3
nonelderly_childless_hh,top_1_percent,2004,30.2,20.9,2.5,6.5,0.3
nonelderly_childless_hh,top_1_percent,2005,30.4,20.5,2.1,7.5,0.3
nonelderly_childless_hh,top_1_percent,2006,29.9,20.0,2.0,7.7,0.2
nonelderly_childless_hh,top_1_percent,2007,28.6,20.2,2.1,6.0,0.2
nonelderly_childless_hh,top_1_percent,2008,28.5,21.2,2.6,4.5,0.3
nonelderly_childless_hh,top_1_percent,2009,29.1,21.7,3.0,4.2,0.3
nonelderly_childless_hh,top_1_percent,2010,29.5,21.0,2.8,5.5,0.3
nonelderly_childless_hh,top_1_percent,2011,29.3,20.9,2.6,5.4,0.3
nonelderly_childless_hh,top_1_percent,2012,28.9,20.6,2.2,5.8,0.3
nonelderly_childless_hh,top_1_percent,2013,33.4,24.0,3.0,6.1,0.3
nonelderly_childless_hh,top_1_percent,2014,33.4,24.4,2.7,6.1,0.2
