household_type,income_group,year,all_federal_taxes,individual_income_tax,payroll_taxes,corporate_income_tax,excise_taxes
all_households,all_quintiles,1979,100.0,100.0,100.0,100.0,100.0
all_households,all_quintiles,1980,100.0,100.0,100.0,100.0,100.0
all_households,all_quintiles,1981,100.0,100.0,100.0,100.0,100.0
all_households,all_quintiles,1982,100.0,100.0,100.0,100.0,100.0
all_households,all_quintiles,1983,100.0,100.0,100.0,100.0,100.0
all_households,all_quintiles,1984,100.0,100.0,100.0,100.0,100.0
all_households,all_quintiles,1985,100.0,100.0,100.0,100.0,100.0
all_households,all_quintiles,1986,100.0,100.0,100.0,100.0,100.0
all_households,all_quintiles,1987,100.0,100.0,100.0,100.0,100.0
all_households,all_quintiles,1988,100.0,100.0,100.0,100.0,100.0
all_households,all_quintiles,1989,100.0,100.0,100.0,100.0,100.0
all_households,all_quintiles,1990,100.0,100.0,100.0,100.0,100.0
all_households,all_quintiles,1991,100.0,100.0,100.0,100.0,100.0
all_households,all_quintiles,1992,100.0,100.0,100.0,100.0,100.0
all_households,all_quintiles,1993,100.0,100.0,100.0,100.0,100.0
all_households,all_quintiles,1994,100.0,100.0,100.0,100.0,100.0
all_households,all_quintiles,1995,100.0,100.0,100.0,100.0,100.0
all_households,all_quintiles,1996,100.0,100.0,100.0,100.0,100.0
all_households,all_quintiles,1997,100.0,100.0,100.0,100.0,100.0
all_households,all_quintiles,1998,100.0,100.0,100.0,100.0,100.0
all_households,all_quintiles,1999,100.0,100.0,100.0,100.0,100.0
all_households,all_quintiles,2000,100.0,100.0,100.0,100.0,100.0
all_households,all_quintiles,2001,100.0,100.0,100.0,100.0,100.0
all_households,all_quintiles,2002,100.0,100.0,100.0,100.0,100.0
all_households,all_quintiles,2003,100.0,100.0,100.0,100.0,100.0
all_households,all_quintiles,2004,100.0,100.0,100.0,100.0,100.0
all_households,all_quintiles,2005,100.0,100.0,100.0,100.0,100.0
all_households,all_quintiles,2006,100.0,100.0,100.0,100.0,100.0
all_households,all_quintiles,2007,100.0,100.0,100.0,100.0,100.0
all_households,all_quintiles,2008,100.0,100.0,100.0,100.0,100.0
all_households,all_quintiles,2009,100.0,100.0,100.0,100.0,100.0
all_households,all_quintiles,2010,100.0,100.0,100.0,100.0,100.0
all_households,all_quintiles,2011,100.0,100.0,100.0,100.0,100.0
all_households,all_quintiles,2012,100.0,100.0,100.0,100.0,100.0
all_households,all_quintiles,2013,100.0,100.0,100.0,100.0,100.0
all_households,all_quintiles,2014,100.0,100.0,100.0,100.0,100.0
all_households,lowest_quintile,1979,2.1,-0.1,4.4,2.2,9.9
all_households,lowest_quintile,1980,2.0,,4.3,2.1,9.7
all_households,lowest_quintile,1981,2.0,0.2,4.2,2.1,9.5
all_households,lowest_quintile,1982,2.1,0.2,4.1,2.1,9.6
all_households,lowest_quintile,1983,2.2,0.2,4.0,2.0,10.8
all_households,lowest_quintile,1984,2.5,0.3,4.3,2.2,11.7
all_households,lowest_quintile,1985,2.3,0.2,4.1,1.9,11.2
all_households,lowest_quintile,1986,2.1,0.2,4.0,1.8,10.2
all_households,lowest_quintile,1987,1.8,-0.3,3.6,1.8,10.1
all_households,lowest_quintile,1988,1.7,-0.5,3.6,1.6,9.7
all_households,lowest_quintile,1989,1.7,-0.7,3.8,1.7,9.6
all_households,lowest_quintile,1990,1.9,-0.5,4.0,1.7,10.5
all_households,lowest_quintile,1991,1.9,-0.8,4.1,1.9,10.6
all_households,lowest_quintile,1992,1.8,-1.0,4.0,1.7,10.4
all_households,lowest_quintile,1993,1.7,-1.2,4.0,1.7,10.9
all_households,lowest_quintile,1994,1.4,-1.9,3.9,1.6,10.8
all_households,lowest_quintile,1995,1.3,-2.2,4.3,1.7,10.8
all_households,lowest_quintile,1996,1.1,-2.2,4.2,1.6,10.8
all_households,lowest_quintile,1997,1.2,-2.2,4.4,1.5,11.3
all_households,lowest_quintile,1998,1.2,-2.2,4.6,1.6,11.1
all_households,lowest_quintile,1999,1.2,-1.9,4.5,1.6,11.0
all_households,lowest_quintile,2000,1.1,-2.0,4.5,1.5,10.8
all_households,lowest_quintile,2001,1.1,-2.4,4.3,1.5,11.5
all_households,lowest_quintile,2002,1.1,-2.9,4.4,1.6,11.8
all_households,lowest_quintile,2003,1.1,-3.2,4.3,1.5,12.0
all_households,lowest_quintile,2004,1.0,-3.1,4.3,1.4,10.4
all_households,lowest_quintile,2005,1.0,-3.1,4.5,1.4,11.7
all_households,lowest_quintile,2006,1.0,-3.0,4.7,1.4,12.5
all_households,lowest_quintile,2007,1.0,-3.1,5.1,1.5,11.8
all_households,lowest_quintile,2008,0.2,-5.8,5.0,1.6,12.9
all_households,lowest_quintile,2009,-0.1,-6.7,4.7,1.6,13.0
all_households,lowest_quintile,2010,,-6.4,4.9,1.5,14.5
all_households,lowest_quintile,2011,0.1,-5.0,4.8,1.4,14.0
all_households,lowest_quintile,2012,0.2,-4.2,4.5,1.3,13.1
all_households,lowest_quintile,2013,0.4,-4.3,4.7,1.4,13.6
all_households,lowest_quintile,2014,0.3,-4.1,4.5,1.3,12.4
all_households,second_quintile,1979,7.5,4.2,12.5,6.0,15.1
all_households,second_quintile,1980,7.2,4.2,12.1,5.8,14.7
all_households,second_quintile,1981,7.4,4.4,11.9,5.5,14.7
all_households,second_quintile,1982,7.2,4.1,11.3,5.4,14.7
all_households,second_quintile,1983,7.1,3.9,11.0,5.3,14.4
all_households,second_quintile,1984,7.4,4.2,11.3,5.4,14.7
all_households,second_quintile,1985,7.4,4.1,11.2,5.3,14.7
all_households,second_quintile,1986,7.0,3.8,10.9,4.9,14.4
all_households,second_quintile,1987,6.6,3.1,10.6,5.2,14.8
all_households,second_quintile,1988,6.6,3.0,10.7,5.1,14.9
all_households,second_quintile,1989,6.5,2.9,10.8,5.0,14.6
all_households,second_quintile,1990,7.0,3.4,11.0,5.1,14.7
all_households,second_quintile,1991,6.8,3.1,10.6,4.9,14.8
all_households,second_quintile,1992,6.4,2.6,10.3,4.7,15.2
all_households,second_quintile,1993,6.2,2.5,10.1,4.6,15.0
all_households,second_quintile,1994,6.0,2.0,9.9,4.5,15.2
all_households,second_quintile,1995,6.0,2.0,10.2,4.4,15.2
all_households,second_quintile,1996,5.7,1.8,10.3,4.2,15.5
all_households,second_quintile,1997,5.7,1.9,10.3,4.0,15.1
all_households,second_quintile,1998,5.4,1.4,10.2,3.9,14.9
all_households,second_quintile,1999,5.3,1.3,10.3,4.0,14.7
all_households,second_quintile,2000,5.2,1.3,10.2,4.0,14.7
all_households,second_quintile,2001,5.0,0.4,9.9,3.9,14.9
all_households,second_quintile,2002,5.0,,9.9,3.8,15.5
all_households,second_quintile,2003,4.7,-0.9,9.7,3.7,15.0
all_households,second_quintile,2004,4.6,-0.7,9.7,3.4,14.8
all_households,second_quintile,2005,4.4,-0.7,9.8,3.3,14.7
all_households,second_quintile,2006,4.3,-0.6,9.9,3.2,14.7
all_households,second_quintile,2007,4.6,-0.2,10.3,3.5,14.1
all_households,second_quintile,2008,3.8,-3.0,9.9,3.5,14.4
all_households,second_quintile,2009,3.8,-3.5,9.6,3.5,15.2
all_households,second_quintile,2010,3.8,-2.8,9.7,3.2,15.2
all_households,second_quintile,2011,3.8,-1.6,9.6,3.3,15.1
all_households,second_quintile,2012,3.5,-1.4,9.3,2.9,14.6
all_households,second_quintile,2013,3.9,-1.2,9.3,3.1,14.5
all_households,second_quintile,2014,3.7,-1.4,9.4,3.0,14.3
all_households,middle_quintile,1979,13.6,10.7,19.8,9.5,18.2
all_households,middle_quintile,1980,13.6,10.7,19.5,9.7,18.2
all_households,middle_quintile,1981,13.8,10.9,19.2,9.8,18.5
all_households,middle_quintile,1982,13.8,10.7,18.8,9.9,18.2
all_households,middle_quintile,1983,13.4,10.2,18.2,9.6,17.8
all_households,middle_quintile,1984,13.5,10.1,18.3,9.9,17.5
all_households,middle_quintile,1985,13.4,9.9,18.3,9.6,17.6
all_households,middle_quintile,1986,12.9,9.2,18.1,9.5,17.9
all_households,middle_quintile,1987,12.7,8.7,18.0,10.0,18.2
all_households,middle_quintile,1988,12.5,8.5,17.9,9.6,18.0
all_households,middle_quintile,1989,12.7,8.8,18.1,9.5,18.1
all_households,middle_quintile,1990,12.8,9.0,17.7,9.3,18.0
all_households,middle_quintile,1991,12.9,9.0,17.3,9.9,18.7
all_households,middle_quintile,1992,12.5,8.5,17.3,9.2,18.4
all_households,middle_quintile,1993,12.2,8.2,17.2,8.8,18.2
all_households,middle_quintile,1994,12.2,8.2,17.0,9.0,18.7
all_households,middle_quintile,1995,11.9,7.8,17.0,8.7,18.3
all_households,middle_quintile,1996,11.5,7.4,17.0,8.3,18.6
all_households,middle_quintile,1997,11.3,7.3,17.1,8.0,18.1
all_households,middle_quintile,1998,10.9,6.5,16.9,7.8,18.4
all_households,middle_quintile,1999,10.5,6.1,16.8,7.8,18.2
all_households,middle_quintile,2000,10.2,5.9,16.6,7.6,18.2
all_households,middle_quintile,2001,10.4,5.4,16.4,7.7,18.2
all_households,middle_quintile,2002,10.6,5.4,16.2,7.6,18.6
all_households,middle_quintile,2003,10.3,4.8,16.0,7.1,18.5
all_households,middle_quintile,2004,10.0,4.7,16.2,6.6,18.1
all_households,middle_quintile,2005,9.6,4.4,16.3,6.3,17.7
all_households,middle_quintile,2006,9.5,4.4,16.3,6.3,17.8
all_households,middle_quintile,2007,9.6,4.7,16.4,6.4,18.1
all_households,middle_quintile,2008,9.2,2.3,16.0,6.4,17.9
all_households,middle_quintile,2009,9.6,2.8,15.6,6.4,18.7
all_households,middle_quintile,2010,9.3,3.1,15.5,6.1,18.3
all_households,middle_quintile,2011,9.2,4.3,15.4,6.1,18.4
all_households,middle_quintile,2012,8.7,4.0,15.3,5.5,18.2
all_households,middle_quintile,2013,9.2,4.2,15.5,5.9,18.2
all_households,middle_quintile,2014,8.9,3.8,15.5,5.7,18.1
all_households,fourth_quintile,1979,21.6,20.2,27.3,14.5,21.7
all_households,fourth_quintile,1980,21.8,20.3,27.3,15.0,21.7
all_households,fourth_quintile,1981,22.2,20.5,27.0,15.3,21.7
all_households,fourth_quintile,1982,22.3,20.2,26.6,15.5,22.3
all_households,fourth_quintile,1983,22.1,19.8,26.7,15.6,22.1
all_households,fourth_quintile,1984,21.8,19.4,26.6,15.7,21.9
all_households,fourth_quintile,1985,21.6,18.9,26.5,15.3,21.7
all_households,fourth_quintile,1986,21.0,17.9,26.6,14.7,21.2
all_households,fourth_quintile,1987,21.0,17.6,26.9,15.8,21.8
all_households,fourth_quintile,1988,20.8,17.2,26.9,14.8,22.1
all_households,fourth_quintile,1989,21.0,17.8,26.7,15.0,22.5
all_households,fourth_quintile,1990,21.1,17.8,26.5,15.1,22.4
all_households,fourth_quintile,1991,21.0,17.9,25.8,15.2,22.2
all_households,fourth_quintile,1992,20.5,17.1,25.9,14.6,22.2
all_households,fourth_quintile,1993,20.2,16.8,25.8,14.2,21.6
all_households,fourth_quintile,1994,20.3,17.0,25.8,14.1,22.1
all_households,fourth_quintile,1995,19.8,16.3,25.6,13.9,22.1
all_households,fourth_quintile,1996,19.3,15.7,25.6,13.6,21.7
all_households,fourth_quintile,1997,18.7,15.0,25.3,13.1,21.3
all_households,fourth_quintile,1998,18.6,14.7,25.5,12.9,21.4
all_households,fourth_quintile,1999,18.1,14.0,25.2,12.6,21.4
all_households,fourth_quintile,2000,17.8,13.6,25.2,12.5,21.8
all_households,fourth_quintile,2001,18.7,14.3,25.1,12.8,22.4
all_households,fourth_quintile,2002,19.0,14.7,24.8,12.4,22.1
all_households,fourth_quintile,2003,18.9,14.5,24.9,11.5,21.8
all_households,fourth_quintile,2004,18.2,13.7,25.0,10.9,22.1
all_households,fourth_quintile,2005,17.4,13.0,25.1,10.7,21.6
all_households,fourth_quintile,2006,17.2,12.8,25.0,10.7,21.0
all_households,fourth_quintile,2007,17.1,12.7,24.6,10.7,21.8
all_households,fourth_quintile,2008,17.6,12.2,24.5,10.6,20.5
all_households,fourth_quintile,2009,18.5,13.6,24.2,11.2,20.9
all_households,fourth_quintile,2010,17.9,13.4,24.2,10.2,20.2
all_households,fourth_quintile,2011,17.9,14.4,24.2,10.5,20.5
all_households,fourth_quintile,2012,17.0,13.3,24.2,9.6,20.6
all_households,fourth_quintile,2013,17.4,13.4,24.1,10.6,20.6
all_households,fourth_quintile,2014,17.1,13.0,24.3,10.2,21.4
all_households,highest_quintile,1979,55.1,65.0,36.1,67.3,34.6
all_households,highest_quintile,1980,55.3,64.7,36.9,67.0,34.9
all_households,highest_quintile,1981,54.5,64.0,37.6,66.7,34.6
all_households,highest_quintile,1982,54.5,64.8,39.1,66.4,34.6
all_households,highest_quintile,1983,55.0,65.9,39.9,66.8,34.2
all_households,highest_quintile,1984,54.6,66.0,39.4,65.9,33.5
all_households,highest_quintile,1985,55.1,66.8,39.8,67.2,34.2
all_households,highest_quintile,1986,56.9,68.9,40.2,68.5,35.8
all_households,highest_quintile,1987,57.6,70.8,40.9,66.3,34.5
all_households,highest_quintile,1988,58.3,71.8,40.6,67.9,34.9
all_households,highest_quintile,1989,57.8,71.3,40.4,67.7,34.7
all_households,highest_quintile,1990,57.0,70.3,40.6,67.6,33.9
all_households,highest_quintile,1991,57.2,70.8,42.1,66.7,33.3
all_households,highest_quintile,1992,58.7,72.9,42.4,68.6,33.3
all_households,highest_quintile,1993,59.5,73.7,42.8,69.6,33.6
all_households,highest_quintile,1994,60.0,74.7,43.3,69.6,32.5
all_households,highest_quintile,1995,60.8,76.0,42.8,70.1,33.0
all_households,highest_quintile,1996,62.2,77.4,42.7,71.4,33.0
all_households,highest_quintile,1997,63.0,77.9,42.8,72.6,33.8
all_households,highest_quintile,1998,63.8,79.6,42.7,73.0,33.9
all_households,highest_quintile,1999,64.7,80.5,43.1,73.4,34.3
all_households,highest_quintile,2000,65.6,81.1,43.4,73.7,34.1
all_households,highest_quintile,2001,64.5,82.3,44.1,73.0,32.8
all_households,highest_quintile,2002,64.1,82.6,44.6,72.7,31.6
all_households,highest_quintile,2003,64.8,84.8,45.0,75.2,32.3
all_households,highest_quintile,2004,66.0,85.3,44.6,76.7,34.4
all_households,highest_quintile,2005,67.4,86.3,44.1,77.4,34.0
all_households,highest_quintile,2006,67.8,86.3,43.9,77.5,33.6
all_households,highest_quintile,2007,67.5,85.9,43.4,77.0,33.9
all_households,highest_quintile,2008,69.0,94.4,44.4,76.1,33.8
all_households,highest_quintile,2009,67.8,93.9,45.7,75.1,31.7
all_households,highest_quintile,2010,68.7,92.7,45.4,77.4,31.3
all_households,highest_quintile,2011,68.6,87.8,45.8,76.9,31.5
all_households,highest_quintile,2012,70.4,88.3,46.3,79.5,33.1
all_households,highest_quintile,2013,68.8,87.8,46.2,77.3,32.8
all_households,highest_quintile,2014,69.8,88.6,46.0,78.3,33.4
all_households,percentiles_81_90,1979,16.1,16.8,17.3,11.9,13.5
all_households,percentiles_81_90,1980,16.5,17.0,17.6,12.2,13.5
all_households,percentiles_81_90,1981,16.8,17.4,17.7,12.1,13.7
all_households,percentiles_81_90,1982,17.0,17.3,17.8,12.4,14.0
all_households,percentiles_81_90,1983,16.8,16.9,18.2,12.1,13.7
all_households,percentiles_81_90,1984,16.5,16.4,18.1,12.0,13.2
all_households,percentiles_81_90,1985,16.5,16.4,18.1,11.6,13.1
all_households,percentiles_81_90,1986,16.1,15.5,18.4,11.2,13.1
all_households,percentiles_81_90,1987,16.4,16.1,18.6,11.9,13.3
all_households,percentiles_81_90,1988,16.1,15.5,18.4,11.5,13.5
all_households,percentiles_81_90,1989,16.3,16.0,18.2,11.8,14.0
all_households,percentiles_81_90,1990,16.3,16.0,18.1,11.6,13.6
all_households,percentiles_81_90,1991,16.3,16.2,17.9,11.8,13.2
all_households,percentiles_81_90,1992,16.1,15.6,18.2,11.2,13.3
all_households,percentiles_81_90,1993,15.8,15.3,18.1,11.2,13.0
all_households,percentiles_81_90,1994,15.8,15.6,17.9,10.9,12.9
all_households,percentiles_81_90,1995,15.6,15.3,17.7,11.4,13.3
all_households,percentiles_81_90,1996,15.3,14.6,17.7,11.2,13.1
all_households,percentiles_81_90,1997,15.2,14.4,17.9,11.0,13.2
all_households,percentiles_81_90,1998,15.1,14.3,17.9,10.5,13.5
all_households,percentiles_81_90,1999,14.8,13.8,17.8,10.4,13.4
all_households,percentiles_81_90,2000,14.6,13.6,17.7,10.4,13.5
all_households,percentiles_81_90,2001,15.5,14.6,18.0,10.0,13.1
all_households,percentiles_81_90,2002,15.8,15.2,18.0,10.0,12.6
all_households,percentiles_81_90,2003,15.7,15.2,18.2,9.4,12.9
all_households,percentiles_81_90,2004,15.1,14.4,18.1,9.0,13.2
all_households,percentiles_81_90,2005,14.4,13.5,18.0,8.9,12.7
all_households,percentiles_81_90,2006,14.3,13.4,17.9,9.2,12.7
all_households,percentiles_81_90,2007,14.3,13.2,17.7,9.0,13.3
all_households,percentiles_81_90,2008,15.2,14.4,17.7,8.8,12.5
all_households,percentiles_81_90,2009,16.2,15.8,18.0,9.4,12.3
all_households,percentiles_81_90,2010,15.6,15.4,17.9,8.8,11.8
all_households,percentiles_81_90,2011,15.5,15.4,17.9,8.8,12.1
all_households,percentiles_81_90,2012,14.8,14.3,18.1,8.2,12.4
all_households,percentiles_81_90,2013,15.2,14.6,18.0,9.5,12.5
all_households,percentiles_81_90,2014,14.8,13.9,18.0,9.2,13.0
all_households,percentiles_91_95,1979,11.1,12.6,10.2,9.1,8.2
all_households,percentiles_91_95,1980,11.4,12.7,10.1,9.9,8.3
all_households,percentiles_91_95,1981,11.5,12.8,10.3,9.5,8.3
all_households,percentiles_91_95,1982,11.5,12.6,10.8,8.9,8.2
all_households,percentiles_91_95,1983,11.3,12.4,10.7,9.3,7.8
all_households,percentiles_91_95,1984,11.1,12.2,10.6,9.1,7.8
all_households,percentiles_91_95,1985,11.2,12.2,10.7,9.1,7.9
all_households,percentiles_91_95,1986,11.0,11.8,10.9,8.6,8.0
all_households,percentiles_91_95,1987,11.4,12.6,11.0,9.1,8.2
all_households,percentiles_91_95,1988,11.0,11.9,11.0,8.6,8.1
all_households,percentiles_91_95,1989,11.3,12.3,10.8,9.1,8.1
all_households,percentiles_91_95,1990,11.2,12.2,10.8,9.4,8.1
all_households,percentiles_91_95,1991,11.4,12.5,11.1,9.3,7.8
all_households,percentiles_91_95,1992,11.3,12.3,11.1,9.3,7.8
all_households,percentiles_91_95,1993,11.3,12.1,11.2,9.6,8.0
all_households,percentiles_91_95,1994,11.3,12.4,11.2,8.9,7.9
all_households,percentiles_91_95,1995,11.3,12.2,11.3,9.1,7.8
all_households,percentiles_91_95,1996,11.1,11.9,11.1,9.2,7.7
all_households,percentiles_91_95,1997,11.1,11.8,11.1,9.2,8.0
all_households,percentiles_91_95,1998,11.1,11.9,11.0,8.9,8.0
all_households,percentiles_91_95,1999,10.9,11.7,11.0,8.8,7.9
all_households,percentiles_91_95,2000,10.9,11.4,11.1,8.6,8.0
all_households,percentiles_91_95,2001,11.5,12.5,11.4,8.2,7.7
all_households,percentiles_91_95,2002,11.7,12.8,11.4,8.1,7.5
all_households,percentiles_91_95,2003,11.6,13.0,11.6,7.6,7.4
all_households,percentiles_91_95,2004,11.2,12.3,11.6,7.6,7.7
all_households,percentiles_91_95,2005,10.9,11.9,11.5,7.8,7.5
all_households,percentiles_91_95,2006,10.8,11.8,11.3,7.9,7.5
all_households,percentiles_91_95,2007,10.7,11.5,11.1,7.9,7.8
all_households,percentiles_91_95,2008,11.8,13.5,11.5,7.4,7.6
all_households,percentiles_91_95,2009,12.3,14.3,11.7,7.5,7.4
all_households,percentiles_91_95,2010,11.9,13.8,11.6,7.2,7.1
all_households,percentiles_91_95,2011,11.9,13.5,11.8,7.3,7.3
all_households,percentiles_91_95,2012,11.5,12.7,11.9,6.9,7.5
all_households,percentiles_91_95,2013,11.5,12.5,11.8,8.0,7.4
all_households,percentiles_91_95,2014,11.4,12.3,11.8,8.0,7.9
all_households,percentiles_96_99,1979,13.9,17.3,7.3,17.4,8.6
all_households,percentiles_96_99,1980,14.2,17.6,7.8,17.4,8.8
all_households,percentiles_96_99,1981,14.1,17.5,8.0,17.3,8.4
all_households,percentiles_96_99,1982,13.7,17.4,8.6,15.5,8.2
all_households,percentiles_96_99,1983,13.6,17.1,9.0,16.0,8.0
all_households,percentiles_96_99,1984,13.2,16.8,8.8,15.0,7.9
all_households,percentiles_96_99,1985,13.4,17.1,8.9,15.4,8.1
all_households,percentiles_96_99,1986,13.6,17.1,9.0,15.1,8.7
all_households,percentiles_96_99,1987,14.5,18.7,9.2,16.6,8.2
all_households,percentiles_96_99,1988,14.0,17.9,9.1,15.8,8.2
all_households,percentiles_96_99,1989,14.3,18.6,9.2,16.1,8.1
all_households,percentiles_96_99,1990,14.2,18.3,9.3,15.9,8.0
all_households,percentiles_96_99,1991,14.5,18.6,10.2,16.0,8.0
all_households,percentiles_96_99,1992,14.7,18.7,10.3,16.2,8.1
all_households,percentiles_96_99,1993,14.8,18.7,10.6,16.2,8.3
all_households,percentiles_96_99,1994,14.8,19.0,10.5,15.7,7.8
all_households,percentiles_96_99,1995,15.0,19.4,10.3,16.2,7.8
all_households,percentiles_96_99,1996,15.1,19.4,10.2,16.0,7.9
all_households,percentiles_96_99,1997,15.3,19.4,10.1,16.3,8.1
all_households,percentiles_96_99,1998,15.4,19.8,10.0,15.8,8.0
all_households,percentiles_96_99,1999,15.7,19.9,10.3,16.1,8.5
all_households,percentiles_96_99,2000,15.6,19.6,10.4,15.7,8.2
all_households,percentiles_96_99,2001,15.8,20.7,10.6,15.0,7.9
all_households,percentiles_96_99,2002,16.1,21.5,11.2,14.6,7.5
all_households,percentiles_96_99,2003,16.0,22.0,11.2,14.7,7.6
all_households,percentiles_96_99,2004,16.0,21.7,11.0,14.5,8.2
all_households,percentiles_96_99,2005,16.2,21.9,10.7,15.2,8.0
all_households,percentiles_96_99,2006,16.2,21.8,10.7,15.1,8.0
all_households,percentiles_96_99,2007,16.1,21.5,10.4,14.9,8.1
all_households,percentiles_96_99,2008,17.1,24.7,11.0,13.5,8.1
all_households,percentiles_96_99,2009,17.3,25.2,11.7,13.4,7.6
all_households,percentiles_96_99,2010,17.1,24.6,11.6,12.6,7.4
all_households,percentiles_96_99,2011,17.3,23.6,11.7,13.0,7.5
all_households,percentiles_96_99,2012,17.2,22.9,11.7,12.9,7.9
all_households,percentiles_96_99,2013,16.9,22.4,11.6,15.1,7.7
all_households,percentiles_96_99,2014,17.0,22.3,11.6,15.3,8.1
all_households,top_1_percent,1979,14.1,18.4,1.3,29.1,4.3
all_households,top_1_percent,1980,13.2,17.4,1.4,27.5,4.3
all_households,top_1_percent,1981,12.1,16.3,1.6,27.8,4.2
all_households,top_1_percent,1982,12.2,17.6,2.0,29.6,4.1
all_households,top_1_percent,1983,13.3,19.6,2.1,29.4,4.7
all_households,top_1_percent,1984,13.8,20.5,2.0,29.9,4.7
all_households,top_1_percent,1985,14.0,21.1,2.0,31.1,5.0
all_households,top_1_percent,1986,16.2,24.5,1.9,33.6,6.0
all_households,top_1_percent,1987,15.3,23.4,2.2,28.6,4.7
all_households,top_1_percent,1988,17.2,26.5,2.2,32.1,5.2
all_households,top_1_percent,1989,15.9,24.4,2.2,30.7,4.5
all_households,top_1_percent,1990,15.4,23.8,2.3,30.8,4.3
all_households,top_1_percent,1991,14.9,23.4,2.9,29.6,4.2
all_households,top_1_percent,1992,16.6,26.3,2.8,31.9,4.1
all_households,top_1_percent,1993,17.6,27.6,2.9,32.7,4.3
all_households,top_1_percent,1994,18.1,27.8,3.7,34.1,3.9
all_households,top_1_percent,1995,18.9,29.1,3.5,33.4,4.1
all_households,top_1_percent,1996,20.7,31.5,3.7,35.0,4.2
all_households,top_1_percent,1997,21.5,32.3,3.8,36.0,4.4
all_households,top_1_percent,1998,22.2,33.5,3.8,37.8,4.4
all_households,top_1_percent,1999,23.3,35.1,4.0,38.0,4.6
all_households,top_1_percent,2000,24.5,36.5,4.3,39.0,4.5
all_households,top_1_percent,2001,21.7,34.4,4.1,39.8,4.1
all_households,top_1_percent,2002,20.5,33.1,4.0,40.1,4.0
all_households,top_1_percent,2003,21.4,34.7,4.0,43.5,4.5
all_households,top_1_percent,2004,23.7,36.8,4.0,45.6,5.3
all_households,top_1_percent,2005,25.9,39.0,4.0,45.5,5.8
all_households,top_1_percent,2006,26.5,39.3,4.0,45.3,5.3
all_households,top_1_percent,2007,26.4,39.6,4.1,45.1,4.7
all_households,top_1_percent,2008,24.8,41.8,4.2,46.4,5.6
all_households,top_1_percent,2009,22.0,38.7,4.2,44.8,4.4
all_households,top_1_percent,2010,24.0,39.0,4.2,48.8,4.9
all_households,top_1_percent,2011,24.0,35.4,4.5,47.8,4.7
all_households,top_1_percent,2012,26.9,38.4,4.6,51.4,5.2
all_households,top_1_percent,2013,25.1,38.2,4.7,44.7,5.1
all_households,top_1_percent,2014,26.6,40.1,4.6,45.7,4.4
hh_with_children,all_quintiles,1979,100.0,100.0,100.0,100.0,100.0
hh_with_children,all_quintiles,1980,100.0,100.0,100.0,100.0,100.0
hh_with_children,all_quintiles,1981,100.0,100.0,100.0,100.0,100.0
hh_with_children,all_quintiles,1982,100.0,100.0,100.0,100.0,100.0
hh_with_children,all_quintiles,1983,100.0,100.0,100.0,100.0,100.0
hh_with_children,all_quintiles,1984,100.0,100.0,100.0,100.0,100.0
hh_with_children,all_quintiles,1985,100.0,100.0,100.0,100.0,100.0
hh_with_children,all_quintiles,1986,100.0,100.0,100.0,100.0,100.0
hh_with_children,all_quintiles,1987,100.0,100.0,100.0,100.0,100.0
hh_with_children,all_quintiles,1988,100.0,100.0,100.0,100.0,100.0
hh_with_children,all_quintiles,1989,100.0,100.0,100.0,100.0,100.0
hh_with_children,all_quintiles,1990,100.0,100.0,100.0,100.0,100.0
hh_with_children,all_quintiles,1991,100.0,100.0,100.0,100.0,100.0
hh_with_children,all_quintiles,1992,100.0,100.0,100.0,100.0,100.0
hh_with_children,all_quintiles,1993,100.0,100.0,100.0,100.0,100.0
hh_with_children,all_quintiles,1994,100.0,100.0,100.0,100.0,100.0
hh_with_children,all_quintiles,1995,100.0,100.0,100.0,100.0,100.0
hh_with_children,all_quintiles,1996,100.0,100.0,100.0,100.0,100.0
hh_with_children,all_quintiles,1997,100.0,100.0,100.0,100.0,100.0
hh_with_children,all_quintiles,1998,100.0,100.0,100.0,100.0,100.0
hh_with_children,all_quintiles,1999,100.0,100.0,100.0,100.0,100.0
hh_with_children,all_quintiles,2000,100.0,100.0,100.0,100.0,100.0
hh_with_children,all_quintiles,2001,100.0,100.0,100.0,100.0,100.0
hh_with_children,all_quintiles,2002,100.0,100.0,100.0,100.0,100.0
hh_with_children,all_quintiles,2003,100.0,100.0,100.0,100.0,100.0
hh_with_children,all_quintiles,2004,100.0,100.0,100.0,100.0,100.0
hh_with_children,all_quintiles,2005,100.0,100.0,100.0,100.0,100.0
hh_with_children,all_quintiles,2006,100.0,100.0,100.0,100.0,100.0
hh_with_children,all_quintiles,2007,100.0,100.0,100.0,100.0,100.0
hh_with_children,all_quintiles,2008,100.0,100.0,100.0,100.0,100.0
hh_with_children,all_quintiles,2009,100.0,100.0,100.0,100.0,100.0
hh_with_children,all_quintiles,2010,100.0,100.0,100.0,100.0,100.0
hh_with_children,all_quintiles,2011,100.0,100.0,100.0,100.0,100.0
hh_with_children,all_quintiles,2012,100.0,100.0,100.0,100.0,100.0
hh_with_children,all_quintiles,2013,100.0,100.0,100.0,100.0,100.0
hh_with_children,all_quintiles,2014,100.0,100.0,100.0,100.0,100.0
hh_with_children,lowest_quintile,1979,2.9,-0.4,6.1,3.4,11.7
hh_with_children,lowest_quintile,1980,2.8,-0.2,6.0,3.5,11.9
hh_with_children,lowest_quintile,1981,3.0,0.1,6.1,3.6,12.1
hh_with_children,lowest_quintile,1982,3.2,0.1,5.8,4.0,12.7
hh_with_children,lowest_quintile,1983,3.4,0.1,5.8,3.5,15.2
hh_with_children,lowest_quintile,1984,3.8,0.4,6.1,3.4,16.1
hh_with_children,lowest_quintile,1985,3.5,0.2,5.8,3.3,14.9
hh_with_children,lowest_quintile,1986,3.2,0.1,5.7,3.0,13.7
hh_with_children,lowest_quintile,1987,2.6,-0.8,5.2,3.0,12.7
hh_with_children,lowest_quintile,1988,2.5,-1.3,5.4,3.1,12.4
hh_with_children,lowest_quintile,1989,2.4,-1.8,5.6,3.1,13.1
hh_with_children,lowest_quintile,1990,2.9,-1.4,5.9,3.5,13.9
hh_with_children,lowest_quintile,1991,2.7,-2.3,6.0,3.6,14.7
hh_with_children,lowest_quintile,1992,2.5,-2.7,6.0,3.4,14.5
hh_with_children,lowest_quintile,1993,2.4,-3.0,6.0,3.2,16.1
hh_with_children,lowest_quintile,1994,1.8,-4.4,5.7,3.2,15.5
hh_with_children,lowest_quintile,1995,1.5,-5.1,6.2,3.1,15.3
hh_with_children,lowest_quintile,1996,1.3,-5.6,6.3,3.2,16.2
hh_with_children,lowest_quintile,1997,1.4,-5.4,6.6,3.1,17.2
hh_with_children,lowest_quintile,1998,1.4,-5.6,6.9,3.1,16.6
hh_with_children,lowest_quintile,1999,1.4,-4.7,6.5,2.8,15.2
hh_with_children,lowest_quintile,2000,1.1,-4.7,6.6,2.6,14.1
hh_with_children,lowest_quintile,2001,1.1,-5.8,6.4,2.7,15.0
hh_with_children,lowest_quintile,2002,1.0,-6.8,6.6,2.7,16.1
hh_with_children,lowest_quintile,2003,1.0,-7.8,6.4,2.4,16.3
hh_with_children,lowest_quintile,2004,0.8,-7.3,6.3,2.4,14.2
hh_with_children,lowest_quintile,2005,0.8,-7.6,6.6,2.4,16.5
hh_with_children,lowest_quintile,2006,0.9,-7.1,7.0,2.3,17.7
hh_with_children,lowest_quintile,2007,0.7,-7.3,7.4,2.4,15.9
hh_with_children,lowest_quintile,2008,-0.9,-13.1,7.1,2.4,16.4
hh_with_children,lowest_quintile,2009,-1.5,-16.2,6.8,2.5,17.2
hh_with_children,lowest_quintile,2010,-1.4,-14.6,7.1,2.1,18.5
hh_with_children,lowest_quintile,2011,-1.3,-12.1,7.0,2.2,18.3
hh_with_children,lowest_quintile,2012,-1.1,-10.3,6.8,2.0,17.4
hh_with_children,lowest_quintile,2013,-0.7,-10.0,6.8,2.1,17.4
hh_with_children,lowest_quintile,2014,-0.6,-9.3,6.7,2.1,15.6
hh_with_children,second_quintile,1979,10.7,6.5,16.1,8.4,17.5
hh_with_children,second_quintile,1980,10.6,6.7,15.9,8.5,17.4
hh_with_children,second_quintile,1981,10.9,7.1,15.7,8.6,17.6
hh_with_children,second_quintile,1982,10.9,6.8,15.2,8.8,17.5
hh_with_children,second_quintile,1983,10.6,6.4,15.0,8.4,17.3
hh_with_children,second_quintile,1984,10.8,6.7,14.9,8.1,16.9
hh_with_children,second_quintile,1985,11.0,6.7,15.1,8.5,17.5
hh_with_children,second_quintile,1986,10.4,6.1,14.8,7.3,17.2
hh_with_children,second_quintile,1987,9.6,4.8,14.2,7.7,16.8
hh_with_children,second_quintile,1988,9.7,4.6,14.4,7.8,17.3
hh_with_children,second_quintile,1989,9.2,4.0,14.1,7.4,16.6
hh_with_children,second_quintile,1990,10.5,5.5,15.0,8.2,17.3
hh_with_children,second_quintile,1991,9.9,4.8,14.1,7.7,17.2
hh_with_children,second_quintile,1992,9.4,4.0,13.8,7.7,17.5
hh_with_children,second_quintile,1993,9.0,3.6,13.5,7.3,17.3
hh_with_children,second_quintile,1994,8.5,2.8,13.2,7.2,17.0
hh_with_children,second_quintile,1995,8.5,2.7,13.6,7.0,17.2
hh_with_children,second_quintile,1996,8.4,2.3,13.8,7.2,18.8
hh_with_children,second_quintile,1997,8.4,2.6,13.8,6.8,18.0
hh_with_children,second_quintile,1998,7.7,1.4,13.7,6.5,18.0
hh_with_children,second_quintile,1999,7.4,1.3,13.5,6.4,17.8
hh_with_children,second_quintile,2000,6.8,1.1,13.1,5.7,16.8
hh_with_children,second_quintile,2001,6.9,-0.4,13.3,5.8,17.4
hh_with_children,second_quintile,2002,6.6,-1.2,12.9,5.6,17.3
hh_with_children,second_quintile,2003,6.1,-3.5,13.0,5.2,17.3
hh_with_children,second_quintile,2004,5.8,-2.8,12.6,5.0,17.0
hh_with_children,second_quintile,2005,5.6,-3.1,12.7,4.9,16.8
hh_with_children,second_quintile,2006,5.4,-2.7,12.8,4.6,16.9
hh_with_children,second_quintile,2007,6.0,-1.9,13.6,5.0,17.3
hh_with_children,second_quintile,2008,4.6,-6.6,12.7,4.7,17.0
hh_with_children,second_quintile,2009,4.4,-8.6,12.4,4.9,17.7
hh_with_children,second_quintile,2010,4.4,-6.6,12.3,4.1,17.5
hh_with_children,second_quintile,2011,4.4,-4.5,12.1,4.3,17.3
hh_with_children,second_quintile,2012,4.1,-4.2,12.2,4.2,17.4
hh_with_children,second_quintile,2013,4.5,-3.6,12.0,4.3,17.0
hh_with_children,second_quintile,2014,4.4,-3.7,12.2,4.2,16.9
hh_with_children,middle_quintile,1979,19.3,16.2,25.1,13.2,22.3
hh_with_children,middle_quintile,1980,19.5,16.4,24.9,13.5,22.2
hh_with_children,middle_quintile,1981,19.7,16.7,24.6,13.5,22.3
hh_with_children,middle_quintile,1982,20.0,16.8,24.2,13.9,22.6
hh_with_children,middle_quintile,1983,18.7,15.3,23.2,12.6,20.6
hh_with_children,middle_quintile,1984,18.6,15.1,23.1,12.9,20.1
hh_with_children,middle_quintile,1985,18.7,15.1,23.1,13.0,19.8
hh_with_children,middle_quintile,1986,17.7,13.6,23.0,11.5,20.5
hh_with_children,middle_quintile,1987,17.3,12.6,22.8,12.5,20.6
hh_with_children,middle_quintile,1988,17.6,12.7,23.1,12.9,21.1
hh_with_children,middle_quintile,1989,17.4,12.7,22.8,12.2,20.8
hh_with_children,middle_quintile,1990,17.9,13.4,22.6,12.7,20.5
hh_with_children,middle_quintile,1991,17.3,13.0,21.6,12.4,20.7
hh_with_children,middle_quintile,1992,17.0,12.4,21.6,12.1,20.1
hh_with_children,middle_quintile,1993,16.3,11.6,21.3,11.3,19.7
hh_with_children,middle_quintile,1994,16.3,11.6,21.0,11.7,19.9
hh_with_children,middle_quintile,1995,15.4,10.6,20.6,10.9,19.7
hh_with_children,middle_quintile,1996,15.4,10.6,20.8,11.3,19.8
hh_with_children,middle_quintile,1997,15.1,10.4,20.7,10.8,19.5
hh_with_children,middle_quintile,1998,14.2,8.6,20.4,10.1,19.8
hh_with_children,middle_quintile,1999,13.7,7.8,20.5,9.7,19.6
hh_with_children,middle_quintile,2000,12.6,7.0,19.7,8.9,19.0
hh_with_children,middle_quintile,2001,13.0,6.3,19.7,8.7,19.1
hh_with_children,middle_quintile,2002,13.1,6.4,19.2,8.8,19.5
hh_with_children,middle_quintile,2003,12.6,4.8,19.2,8.2,19.2
hh_with_children,middle_quintile,2004,12.3,4.8,19.3,7.9,19.3
hh_with_children,middle_quintile,2005,11.9,4.5,19.3,8.1,18.7
hh_with_children,middle_quintile,2006,11.2,4.1,19.0,7.4,18.6
hh_with_children,middle_quintile,2007,11.1,4.4,18.8,7.4,18.9
hh_with_children,middle_quintile,2008,10.7,1.3,18.4,7.1,18.5
hh_with_children,middle_quintile,2009,11.2,1.6,17.9,7.4,19.0
hh_with_children,middle_quintile,2010,10.5,2.1,17.6,6.3,18.6
hh_with_children,middle_quintile,2011,10.7,4.0,17.6,6.8,18.8
hh_with_children,middle_quintile,2012,10.0,3.5,17.5,6.3,18.5
hh_with_children,middle_quintile,2013,10.4,3.8,17.4,6.8,18.6
hh_with_children,middle_quintile,2014,10.4,3.6,18.0,6.9,19.3
hh_with_children,fourth_quintile,1979,26.3,26.1,29.3,18.6,23.9
hh_with_children,fourth_quintile,1980,26.3,26.1,29.1,18.5,23.3
hh_with_children,fourth_quintile,1981,27.2,26.8,29.5,18.7,23.6
hh_with_children,fourth_quintile,1982,27.5,26.9,29.4,19.2,23.9
hh_with_children,fourth_quintile,1983,26.1,25.0,29.1,17.8,22.4
hh_with_children,fourth_quintile,1984,25.5,24.2,28.5,17.6,21.7
hh_with_children,fourth_quintile,1985,25.9,24.7,28.7,18.0,22.3
hh_with_children,fourth_quintile,1986,24.9,22.5,29.0,16.4,22.2
hh_with_children,fourth_quintile,1987,24.8,21.9,29.4,18.1,22.9
hh_with_children,fourth_quintile,1988,24.7,21.8,29.0,17.6,22.5
hh_with_children,fourth_quintile,1989,24.7,21.9,29.0,16.9,22.9
hh_with_children,fourth_quintile,1990,24.8,22.5,28.2,18.2,22.3
hh_with_children,fourth_quintile,1991,24.5,22.1,27.9,17.3,22.0
hh_with_children,fourth_quintile,1992,24.0,21.3,27.8,16.7,22.1
hh_with_children,fourth_quintile,1993,23.4,20.5,27.7,16.1,21.3
hh_with_children,fourth_quintile,1994,23.4,20.7,27.4,16.2,21.8
hh_with_children,fourth_quintile,1995,22.3,19.2,26.8,15.5,21.4
hh_with_children,fourth_quintile,1996,22.3,19.1,27.2,15.4,20.8
hh_with_children,fourth_quintile,1997,21.6,18.3,26.7,14.9,20.1
hh_with_children,fourth_quintile,1998,21.0,17.1,26.5,14.5,20.5
hh_with_children,fourth_quintile,1999,20.0,15.6,26.2,13.8,20.6
hh_with_children,fourth_quintile,2000,19.3,14.6,26.0,13.1,21.3
hh_with_children,fourth_quintile,2001,20.0,15.3,25.8,12.6,20.8
hh_with_children,fourth_quintile,2002,20.5,15.9,25.7,12.8,21.0
hh_with_children,fourth_quintile,2003,20.4,15.1,26.1,12.0,21.3
hh_with_children,fourth_quintile,2004,19.4,14.0,25.8,11.6,21.6
hh_with_children,fourth_quintile,2005,19.0,13.7,26.0,12.0,21.1
hh_with_children,fourth_quintile,2006,17.9,12.6,25.5,10.9,20.1
hh_with_children,fourth_quintile,2007,17.8,12.5,25.3,10.9,20.8
hh_with_children,fourth_quintile,2008,18.6,12.3,25.2,10.4,19.7
hh_with_children,fourth_quintile,2009,20.0,14.0,25.2,11.9,19.8
hh_with_children,fourth_quintile,2010,18.4,13.0,24.7,9.5,18.6
hh_with_children,fourth_quintile,2011,18.6,14.4,24.8,10.1,19.0
hh_with_children,fourth_quintile,2012,17.9,13.3,25.1,9.8,19.2
hh_with_children,fourth_quintile,2013,18.0,13.2,24.8,10.4,19.5
hh_with_children,fourth_quintile,2014,17.6,12.7,24.6,10.0,20.3
hh_with_children,highest_quintile,1979,40.7,51.6,23.3,55.8,24.0
hh_with_children,highest_quintile,1980,40.6,51.0,24.1,55.1,24.1
hh_with_children,highest_quintile,1981,39.0,49.3,24.0,54.6,23.4
hh_with_children,highest_quintile,1982,38.3,49.4,25.1,52.9,22.5
hh_with_children,highest_quintile,1983,40.9,53.2,26.8,56.4,23.7
hh_with_children,highest_quintile,1984,41.1,53.6,27.2,56.7,24.5
hh_with_children,highest_quintile,1985,40.5,53.3,27.2,55.9,24.7
hh_with_children,highest_quintile,1986,43.6,57.6,27.4,61.0,25.8
hh_with_children,highest_quintile,1987,45.4,61.5,28.4,57.0,26.3
hh_with_children,highest_quintile,1988,45.3,62.2,28.0,56.8,26.2
hh_with_children,highest_quintile,1989,46.0,63.1,28.4,58.5,26.1
hh_with_children,highest_quintile,1990,43.7,60.0,28.1,55.6,25.5
hh_with_children,highest_quintile,1991,45.3,62.4,30.2,56.8,25.0
hh_with_children,highest_quintile,1992,46.9,65.0,30.6,58.5,25.4
hh_with_children,highest_quintile,1993,48.7,67.2,31.4,60.1,25.0
hh_with_children,highest_quintile,1994,49.8,69.3,32.5,60.3,25.2
hh_with_children,highest_quintile,1995,52.1,72.6,32.6,62.2,25.8
hh_with_children,highest_quintile,1996,52.3,73.5,31.7,62.0,23.9
hh_with_children,highest_quintile,1997,53.3,74.1,32.0,63.5,24.7
hh_with_children,highest_quintile,1998,55.5,78.6,32.4,65.0,24.7
hh_with_children,highest_quintile,1999,57.4,80.0,33.0,66.6,26.5
hh_with_children,highest_quintile,2000,60.0,82.0,34.5,68.9,28.4
hh_with_children,highest_quintile,2001,58.8,84.7,34.5,68.8,27.4
hh_with_children,highest_quintile,2002,58.5,85.7,35.3,67.0,25.7
hh_with_children,highest_quintile,2003,59.6,91.4,35.2,70.9,25.6
hh_with_children,highest_quintile,2004,61.4,91.3,35.9,72.0,27.6
hh_with_children,highest_quintile,2005,62.5,92.6,35.2,71.6,26.6
hh_with_children,highest_quintile,2006,64.4,93.1,35.5,73.9,26.5
hh_with_children,highest_quintile,2007,64.2,92.4,34.7,73.2,26.8
hh_with_children,highest_quintile,2008,66.7,106.1,36.3,73.2,28.1
hh_with_children,highest_quintile,2009,65.7,109.2,37.6,71.3,25.9
hh_with_children,highest_quintile,2010,67.8,106.1,38.0,76.1,26.4
hh_with_children,highest_quintile,2011,67.3,98.1,38.2,74.8,26.3
hh_with_children,highest_quintile,2012,69.0,97.6,38.2,76.6,27.2
hh_with_children,highest_quintile,2013,67.4,96.6,38.8,74.8,27.2
hh_with_children,highest_quintile,2014,68.0,96.7,38.3,75.5,27.6
hh_with_children,percentiles_81_90,1979,14.5,16.4,13.2,12.2,11.0
hh_with_children,percentiles_81_90,1980,14.9,16.6,13.6,12.0,10.8
hh_with_children,percentiles_81_90,1981,15.0,16.7,13.6,12.0,10.9
hh_with_children,percentiles_81_90,1982,15.0,16.5,13.8,12.1,10.8
hh_with_children,percentiles_81_90,1983,14.9,16.2,14.5,11.4,10.8
hh_with_children,percentiles_81_90,1984,14.5,15.6,14.3,11.6,10.5
hh_with_children,percentiles_81_90,1985,14.8,16.2,14.4,11.2,10.5
hh_with_children,percentiles_81_90,1986,14.4,14.9,14.7,10.2,11.1
hh_with_children,percentiles_81_90,1987,14.5,15.3,14.7,11.2,11.2
hh_with_children,percentiles_81_90,1988,14.7,15.5,14.7,11.2,11.6
hh_with_children,percentiles_81_90,1989,14.4,15.3,14.4,11.1,11.6
hh_with_children,percentiles_81_90,1990,14.7,15.8,14.5,11.8,11.1
hh_with_children,percentiles_81_90,1991,15.1,16.2,15.0,11.5,10.7
hh_with_children,percentiles_81_90,1992,15.1,16.0,15.3,11.1,11.0
hh_with_children,percentiles_81_90,1993,14.6,15.4,15.0,10.8,10.7
hh_with_children,percentiles_81_90,1994,14.8,15.8,15.1,11.1,10.8
hh_with_children,percentiles_81_90,1995,14.8,15.4,15.4,10.6,11.6
hh_with_children,percentiles_81_90,1996,14.0,14.5,14.6,10.3,10.5
hh_with_children,percentiles_81_90,1997,13.8,14.2,14.5,10.1,10.1
hh_with_children,percentiles_81_90,1998,13.8,14.1,14.6,9.6,10.7
hh_with_children,percentiles_81_90,1999,13.7,13.7,15.0,9.5,11.4
hh_with_children,percentiles_81_90,2000,13.7,13.3,15.2,9.6,12.2
hh_with_children,percentiles_81_90,2001,14.6,14.8,15.6,9.1,11.5
hh_with_children,percentiles_81_90,2002,14.9,15.3,15.6,9.0,10.9
hh_with_children,percentiles_81_90,2003,14.3,14.8,15.2,8.8,10.8
hh_with_children,percentiles_81_90,2004,14.2,14.4,15.6,8.8,11.7
hh_with_children,percentiles_81_90,2005,13.5,13.6,15.2,8.4,10.9
hh_with_children,percentiles_81_90,2006,13.1,13.0,15.2,8.1,10.6
hh_with_children,percentiles_81_90,2007,12.8,12.5,14.9,7.9,11.1
hh_with_children,percentiles_81_90,2008,14.3,14.6,15.4,7.7,11.1
hh_with_children,percentiles_81_90,2009,15.6,17.1,16.0,8.4,10.8
hh_with_children,percentiles_81_90,2010,14.6,15.4,16.0,7.2,10.5
hh_with_children,percentiles_81_90,2011,14.9,15.9,16.0,7.9,10.9
hh_with_children,percentiles_81_90,2012,13.8,14.0,15.6,7.1,10.7
hh_with_children,percentiles_81_90,2013,13.9,14.0,15.6,8.2,11.0
hh_with_children,percentiles_81_90,2014,13.6,13.5,15.6,7.7,11.5
hh_with_children,percentiles_91_95,1979,7.8,9.6,5.6,8.1,5.3
hh_with_children,percentiles_91_95,1980,8.0,9.8,5.6,8.2,5.3
hh_with_children,percentiles_91_95,1981,7.6,9.4,5.7,7.4,5.1
hh_with_children,percentiles_91_95,1982,7.5,9.2,5.9,6.9,4.9
hh_with_children,percentiles_91_95,1983,7.6,9.2,6.2,7.0,4.9
hh_with_children,percentiles_91_95,1984,7.6,9.1,6.4,7.1,5.1
hh_with_children,percentiles_91_95,1985,8.0,9.9,6.6,7.6,5.2
hh_with_children,percentiles_91_95,1986,7.7,9.1,6.5,6.6,5.5
hh_with_children,percentiles_91_95,1987,8.2,9.9,6.8,7.6,5.8
hh_with_children,percentiles_91_95,1988,7.9,9.6,6.6,6.9,5.7
hh_with_children,percentiles_91_95,1989,8.4,10.2,6.9,7.5,5.9
hh_with_children,percentiles_91_95,1990,8.0,9.8,6.7,7.3,5.5
hh_with_children,percentiles_91_95,1991,8.6,10.5,7.3,7.7,5.6
hh_with_children,percentiles_91_95,1992,8.5,10.4,7.3,7.4,5.6
hh_with_children,percentiles_91_95,1993,8.4,10.0,7.3,7.6,5.4
hh_with_children,percentiles_91_95,1994,8.8,10.8,7.5,7.6,5.9
hh_with_children,percentiles_91_95,1995,8.5,10.2,7.5,6.9,5.5
hh_with_children,percentiles_91_95,1996,8.6,10.4,7.5,7.1,5.5
hh_with_children,percentiles_91_95,1997,8.6,10.2,7.5,7.4,5.7
hh_with_children,percentiles_91_95,1998,8.7,10.6,7.5,6.9,5.5
hh_with_children,percentiles_91_95,1999,8.7,10.3,7.5,6.9,5.8
hh_with_children,percentiles_91_95,2000,8.9,10.2,7.9,7.0,6.5
hh_with_children,percentiles_91_95,2001,9.5,11.5,8.2,6.8,6.2
hh_with_children,percentiles_91_95,2002,10.1,12.4,8.7,7.3,6.2
hh_with_children,percentiles_91_95,2003,10.0,12.8,8.7,6.8,5.9
hh_with_children,percentiles_91_95,2004,9.7,12.1,8.7,6.7,6.2
hh_with_children,percentiles_91_95,2005,9.4,11.7,8.4,6.4,5.7
hh_with_children,percentiles_91_95,2006,9.2,11.3,8.4,6.3,5.8
hh_with_children,percentiles_91_95,2007,8.7,10.5,8.0,5.8,5.9
hh_with_children,percentiles_91_95,2008,10.4,13.9,8.8,5.9,6.3
hh_with_children,percentiles_91_95,2009,10.9,15.0,9.0,6.3,5.9
hh_with_children,percentiles_91_95,2010,10.4,13.8,9.2,5.2,5.8
hh_with_children,percentiles_91_95,2011,10.3,13.2,8.9,5.9,5.8
hh_with_children,percentiles_91_95,2012,9.9,12.1,8.9,5.5,5.9
hh_with_children,percentiles_91_95,2013,10.2,12.3,9.4,6.2,6.2
hh_with_children,percentiles_91_95,2014,9.6,11.4,8.8,6.0,6.1
hh_with_children,percentiles_96_99,1979,9.7,13.5,3.7,14.1,5.3
hh_with_children,percentiles_96_99,1980,9.4,13.0,4.0,13.3,5.3
hh_with_children,percentiles_96_99,1981,8.5,11.8,3.8,12.0,4.6
hh_with_children,percentiles_96_99,1982,8.6,12.3,4.2,11.2,4.5
hh_with_children,percentiles_96_99,1983,8.9,12.5,4.8,11.9,4.7
hh_with_children,percentiles_96_99,1984,9.0,12.7,5.0,11.6,5.2
hh_with_children,percentiles_96_99,1985,8.7,12.5,4.9,11.8,4.9
hh_with_children,percentiles_96_99,1986,9.2,13.1,4.9,11.1,5.3
hh_with_children,percentiles_96_99,1987,10.4,15.3,5.3,13.1,5.4
hh_with_children,percentiles_96_99,1988,10.3,15.4,5.3,12.2,5.4
hh_with_children,percentiles_96_99,1989,10.5,15.6,5.5,12.1,5.4
hh_with_children,percentiles_96_99,1990,10.6,16.1,5.4,12.9,5.8
hh_with_children,percentiles_96_99,1991,10.3,15.3,6.0,12.1,5.4
hh_with_children,percentiles_96_99,1992,11.1,16.7,6.4,12.5,5.6
hh_with_children,percentiles_96_99,1993,11.7,17.1,7.1,12.7,5.7
hh_with_children,percentiles_96_99,1994,11.6,17.2,7.0,12.3,5.4
hh_with_children,percentiles_96_99,1995,12.1,18.1,6.9,12.5,5.6
hh_with_children,percentiles_96_99,1996,12.3,18.5,6.8,12.8,5.1
hh_with_children,percentiles_96_99,1997,13.0,19.3,7.1,13.1,5.8
hh_with_children,percentiles_96_99,1998,13.4,20.2,7.2,12.8,5.4
hh_with_children,percentiles_96_99,1999,13.3,19.5,7.2,12.8,6.3
hh_with_children,percentiles_96_99,2000,13.5,19.2,7.6,12.3,6.4
hh_with_children,percentiles_96_99,2001,13.6,20.8,7.3,11.9,6.1
hh_with_children,percentiles_96_99,2002,13.7,21.3,7.6,11.6,5.7
hh_with_children,percentiles_96_99,2003,14.1,23.4,7.8,12.1,5.7
hh_with_children,percentiles_96_99,2004,14.6,23.7,8.1,11.9,6.2
hh_with_children,percentiles_96_99,2005,15.6,25.4,8.2,13.0,6.1
hh_with_children,percentiles_96_99,2006,14.5,22.8,8.0,11.5,5.9
hh_with_children,percentiles_96_99,2007,14.5,22.4,7.9,11.2,6.0
hh_with_children,percentiles_96_99,2008,15.9,27.6,8.3,10.6,6.1
hh_with_children,percentiles_96_99,2009,16.3,29.4,8.7,10.9,5.7
hh_with_children,percentiles_96_99,2010,15.7,26.8,8.8,9.6,5.8
hh_with_children,percentiles_96_99,2011,16.6,26.6,9.0,10.5,5.9
hh_with_children,percentiles_96_99,2012,16.6,25.5,9.2,10.4,6.2
hh_with_children,percentiles_96_99,2013,15.8,24.1,9.1,11.7,6.0
hh_with_children,percentiles_96_99,2014,16.0,24.1,9.3,11.7,6.1
hh_with_children,top_1_percent,1979,8.7,12.1,0.8,21.5,2.4
hh_with_children,top_1_percent,1980,8.4,11.7,1.0,21.6,2.7
hh_with_children,top_1_percent,1981,7.9,11.4,1.0,23.3,2.8
hh_with_children,top_1_percent,1982,7.2,11.3,1.2,22.7,2.3
hh_with_children,top_1_percent,1983,9.6,15.3,1.4,26.1,3.3
hh_with_children,top_1_percent,1984,9.9,16.1,1.4,26.3,3.8
hh_with_children,top_1_percent,1985,8.9,14.7,1.3,25.3,4.0
hh_with_children,top_1_percent,1986,12.4,20.4,1.3,33.2,3.9
hh_with_children,top_1_percent,1987,12.2,20.9,1.6,25.1,3.9
hh_with_children,top_1_percent,1988,12.5,21.8,1.4,26.5,3.5
hh_with_children,top_1_percent,1989,12.8,22.1,1.6,27.9,3.3
hh_with_children,top_1_percent,1990,10.4,18.3,1.5,23.7,3.1
hh_with_children,top_1_percent,1991,11.3,20.3,1.9,25.5,3.3
hh_with_children,top_1_percent,1992,12.1,21.9,1.7,27.4,3.2
hh_with_children,top_1_percent,1993,13.9,24.7,2.0,29.1,3.2
hh_with_children,top_1_percent,1994,14.6,25.6,2.9,29.2,3.0
hh_with_children,top_1_percent,1995,16.7,28.9,2.8,32.2,3.1
hh_with_children,top_1_percent,1996,17.4,30.2,2.9,31.8,2.8
hh_with_children,top_1_percent,1997,17.9,30.4,2.9,32.9,3.1
hh_with_children,top_1_percent,1998,19.6,33.7,3.1,35.7,3.0
hh_with_children,top_1_percent,1999,21.6,36.4,3.3,37.4,3.1
hh_with_children,top_1_percent,2000,23.9,39.2,3.7,40.1,3.3
hh_with_children,top_1_percent,2001,21.1,37.6,3.5,41.1,3.7
hh_with_children,top_1_percent,2002,19.9,36.7,3.4,39.2,3.0
hh_with_children,top_1_percent,2003,21.3,40.4,3.5,43.2,3.2
hh_with_children,top_1_percent,2004,22.9,41.1,3.5,44.6,3.6
hh_with_children,top_1_percent,2005,24.1,41.9,3.4,43.8,3.8
hh_with_children,top_1_percent,2006,27.6,46.1,3.8,47.9,4.2
hh_with_children,top_1_percent,2007,28.1,47.0,3.9,48.4,3.8
hh_with_children,top_1_percent,2008,26.0,50.1,3.9,49.0,4.6
hh_with_children,top_1_percent,2009,22.9,47.7,3.9,45.6,3.4
hh_with_children,top_1_percent,2010,27.1,50.1,4.1,54.1,4.4
hh_with_children,top_1_percent,2011,25.4,42.5,4.3,50.4,3.7
hh_with_children,top_1_percent,2012,28.7,46.0,4.6,53.6,4.4
hh_with_children,top_1_percent,2013,27.5,46.3,4.8,48.8,4.0
hh_with_children,top_1_percent,2014,28.8,47.7,4.6,50.1,3.9
elderly_headed_hh,all_quintiles,1979,100.0,100.0,100.0,100.0,100.0
elderly_headed_hh,all_quintiles,1980,100.0,100.0,100.0,100.0,100.0
elderly_headed_hh,all_quintiles,1981,100.0,100.0,100.0,100.0,100.0
elderly_headed_hh,all_quintiles,1982,100.0,100.0,100.0,100.0,100.0
elderly_headed_hh,all_quintiles,1983,100.0,100.0,100.0,100.0,100.0
elderly_headed_hh,all_quintiles,1984,100.0,100.0,100.0,100.0,100.0
elderly_headed_hh,all_quintiles,1985,100.0,100.0,100.0,100.0,100.0
elderly_headed_hh,all_quintiles,1986,100.0,100.0,100.0,100.0,100.0
elderly_headed_hh,all_quintiles,1987,100.0,100.0,100.0,100.0,100.0
elderly_headed_hh,all_quintiles,1988,100.0,100.0,100.0,100.0,100.0
elderly_headed_hh,all_quintiles,1989,100.0,100.0,100.0,100.0,100.0
elderly_headed_hh,all_quintiles,1990,100.0,100.0,100.0,100.0,100.0
elderly_headed_hh,all_quintiles,1991,100.0,100.0,100.0,100.0,100.0
elderly_headed_hh,all_quintiles,1992,100.0,100.0,100.0,100.0,100.0
elderly_headed_hh,all_quintiles,1993,100.0,100.0,100.0,100.0,100.0
elderly_headed_hh,all_quintiles,1994,100.0,100.0,100.0,100.0,100.0
elderly_headed_hh,all_quintiles,1995,100.0,100.0,100.0,100.0,100.0
elderly_headed_hh,all_quintiles,1996,100.0,100.0,100.0,100.0,100.0
elderly_headed_hh,all_quintiles,1997,100.0,100.0,100.0,100.0,100.0
elderly_headed_hh,all_quintiles,1998,100.0,100.0,100.0,100.0,100.0
elderly_headed_hh,all_quintiles,1999,100.0,100.0,100.0,100.0,100.0
elderly_headed_hh,all_quintiles,2000,100.0,100.0,100.0,100.0,100.0
elderly_headed_hh,all_quintiles,2001,100.0,100.0,100.0,100.0,100.0
elderly_headed_hh,all_quintiles,2002,100.0,100.0,100.0,100.0,100.0
elderly_headed_hh,all_quintiles,2003,100.0,100.0,100.0,100.0,100.0
elderly_headed_hh,all_quintiles,2004,100.0,100.0,100.0,100.0,100.0
elderly_headed_hh,all_quintiles,2005,100.0,100.0,100.0,100.0,100.0
elderly_headed_hh,all_quintiles,2006,100.0,100.0,100.0,100.0,100.0
elderly_headed_hh,all_quintiles,2007,100.0,100.0,100.0,100.0,100.0
elderly_headed_hh,all_quintiles,2008,100.0,100.0,100.0,100.0,100.0
elderly_headed_hh,all_quintiles,2009,100.0,100.0,100.0,100.0,100.0
elderly_headed_hh,all_quintiles,2010,100.0,100.0,100.0,100.0,100.0
elderly_headed_hh,all_quintiles,2011,100.0,100.0,100.0,100.0,100.0
elderly_headed_hh,all_quintiles,2012,100.0,100.0,100.0,100.0,100.0
elderly_headed_hh,all_quintiles,2013,100.0,100.0,100.0,100.0,100.0
elderly_headed_hh,all_quintiles,2014,100.0,100.0,100.0,100.0,100.0
elderly_headed_hh,lowest_quintile,1979,1.6,,2.5,1.6,13.2
elderly_headed_hh,lowest_quintile,1980,1.2,0.1,2.1,1.2,11.5
elderly_headed_hh,lowest_quintile,1981,0.9,,1.4,0.8,9.9
elderly_headed_hh,lowest_quintile,1982,0.7,,1.0,0.6,7.2
elderly_headed_hh,lowest_quintile,1983,0.7,,0.8,0.5,6.5
elderly_headed_hh,lowest_quintile,1984,0.7,,0.8,0.5,7.4
elderly_headed_hh,lowest_quintile,1985,0.7,,1.0,0.5,7.5
elderly_headed_hh,lowest_quintile,1986,0.6,,0.9,0.4,5.9
elderly_headed_hh,lowest_quintile,1987,0.7,,0.9,0.6,7.2
elderly_headed_hh,lowest_quintile,1988,0.7,0.1,0.9,0.5,7.4
elderly_headed_hh,lowest_quintile,1989,0.7,,1.0,0.5,7.1
elderly_headed_hh,lowest_quintile,1990,0.8,,1.0,0.6,7.6
elderly_headed_hh,lowest_quintile,1991,0.8,,1.0,0.6,6.9
elderly_headed_hh,lowest_quintile,1992,0.7,,0.8,0.4,6.0
elderly_headed_hh,lowest_quintile,1993,0.6,,0.8,0.4,5.4
elderly_headed_hh,lowest_quintile,1994,0.6,,0.7,0.4,5.6
elderly_headed_hh,lowest_quintile,1995,0.6,,0.7,0.4,5.8
elderly_headed_hh,lowest_quintile,1996,0.5,,0.8,0.3,5.2
elderly_headed_hh,lowest_quintile,1997,0.4,,0.8,0.3,5.3
elderly_headed_hh,lowest_quintile,1998,0.5,,0.9,0.3,5.3
elderly_headed_hh,lowest_quintile,1999,0.6,,1.0,0.3,6.2
elderly_headed_hh,lowest_quintile,2000,0.6,,1.2,0.4,6.4
elderly_headed_hh,lowest_quintile,2001,0.6,,0.9,0.4,6.9
elderly_headed_hh,lowest_quintile,2002,0.6,,0.9,0.4,6.6
elderly_headed_hh,lowest_quintile,2003,0.6,,0.8,0.3,6.3
elderly_headed_hh,lowest_quintile,2004,0.4,,0.7,0.2,5.0
elderly_headed_hh,lowest_quintile,2005,0.4,,0.7,0.3,5.3
elderly_headed_hh,lowest_quintile,2006,0.3,,0.6,0.2,4.2
elderly_headed_hh,lowest_quintile,2007,0.3,,0.8,0.2,4.3
elderly_headed_hh,lowest_quintile,2008,0.1,-0.7,0.7,0.3,5.7
elderly_headed_hh,lowest_quintile,2009,0.4,-0.1,0.7,0.4,4.4
elderly_headed_hh,lowest_quintile,2010,0.3,,0.5,0.3,4.7
elderly_headed_hh,lowest_quintile,2011,0.4,,0.5,0.3,4.6
elderly_headed_hh,lowest_quintile,2012,0.3,,0.5,0.3,4.4
elderly_headed_hh,lowest_quintile,2013,0.3,,0.6,0.3,4.8
elderly_headed_hh,lowest_quintile,2014,0.3,-0.1,0.6,0.2,5.2
elderly_headed_hh,second_quintile,1979,4.5,0.8,10.7,5.4,16.5
elderly_headed_hh,second_quintile,1980,3.6,0.8,9.1,4.5,15.6
elderly_headed_hh,second_quintile,1981,3.2,0.8,8.5,3.8,14.9
elderly_headed_hh,second_quintile,1982,2.9,0.8,7.1,3.6,15.9
elderly_headed_hh,second_quintile,1983,3.0,0.7,6.6,3.2,15.3
elderly_headed_hh,second_quintile,1984,3.0,0.6,6.5,3.5,15.9
elderly_headed_hh,second_quintile,1985,2.8,0.6,5.9,3.2,15.1
elderly_headed_hh,second_quintile,1986,2.9,0.7,6.3,3.5,14.5
elderly_headed_hh,second_quintile,1987,3.4,0.6,6.8,3.7,17.4
elderly_headed_hh,second_quintile,1988,3.5,0.9,7.1,4.0,17.1
elderly_headed_hh,second_quintile,1989,3.4,0.8,7.6,3.7,16.6
elderly_headed_hh,second_quintile,1990,3.4,0.9,7.3,3.8,16.1
elderly_headed_hh,second_quintile,1991,3.4,0.8,6.8,3.4,15.8
elderly_headed_hh,second_quintile,1992,3.3,0.7,6.4,3.3,16.9
elderly_headed_hh,second_quintile,1993,3.2,0.6,5.6,3.1,16.8
elderly_headed_hh,second_quintile,1994,3.2,0.5,5.9,2.8,18.1
elderly_headed_hh,second_quintile,1995,2.9,0.5,6.3,2.5,17.5
elderly_headed_hh,second_quintile,1996,2.3,0.3,5.5,2.1,15.7
elderly_headed_hh,second_quintile,1997,2.2,0.4,5.3,2.0,14.8
elderly_headed_hh,second_quintile,1998,2.3,0.5,5.5,2.1,14.5
elderly_headed_hh,second_quintile,1999,2.5,0.5,6.4,2.2,14.4
elderly_headed_hh,second_quintile,2000,2.6,0.6,6.6,2.7,15.8
elderly_headed_hh,second_quintile,2001,2.5,0.4,5.7,2.5,15.7
elderly_headed_hh,second_quintile,2002,2.6,0.3,5.6,2.1,17.2
elderly_headed_hh,second_quintile,2003,2.5,0.1,4.9,2.1,16.6
elderly_headed_hh,second_quintile,2004,2.1,0.3,4.6,1.7,15.2
elderly_headed_hh,second_quintile,2005,2.0,0.3,4.4,1.6,14.8
elderly_headed_hh,second_quintile,2006,1.7,0.2,4.0,1.5,14.0
elderly_headed_hh,second_quintile,2007,1.7,0.3,4.6,1.5,12.6
elderly_headed_hh,second_quintile,2008,0.9,-1.5,4.2,1.7,13.7
elderly_headed_hh,second_quintile,2009,1.7,,3.7,1.5,13.7
elderly_headed_hh,second_quintile,2010,1.6,,3.6,1.4,13.5
elderly_headed_hh,second_quintile,2011,1.5,0.1,3.3,1.3,13.4
elderly_headed_hh,second_quintile,2012,1.4,0.2,3.1,1.1,12.9
elderly_headed_hh,second_quintile,2013,1.5,0.1,3.3,1.2,13.4
elderly_headed_hh,second_quintile,2014,1.4,0.1,3.5,1.1,13.2
elderly_headed_hh,middle_quintile,1979,7.9,4.0,17.5,8.8,14.9
elderly_headed_hh,middle_quintile,1980,7.4,4.0,16.3,8.8,15.3
elderly_headed_hh,middle_quintile,1981,7.2,4.0,15.7,8.9,15.9
elderly_headed_hh,middle_quintile,1982,7.0,3.9,14.5,9.2,16.7
elderly_headed_hh,middle_quintile,1983,7.3,3.8,14.6,9.0,17.6
elderly_headed_hh,middle_quintile,1984,7.3,3.5,14.8,9.2,18.3
elderly_headed_hh,middle_quintile,1985,7.2,3.6,14.3,9.3,19.3
elderly_headed_hh,middle_quintile,1986,7.9,3.7,16.8,10.0,20.0
elderly_headed_hh,middle_quintile,1987,8.9,4.3,17.0,10.5,21.1
elderly_headed_hh,middle_quintile,1988,8.5,4.6,16.7,9.7,19.8
elderly_headed_hh,middle_quintile,1989,8.4,4.7,16.3,9.6,20.0
elderly_headed_hh,middle_quintile,1990,8.7,5.1,16.3,9.6,20.2
elderly_headed_hh,middle_quintile,1991,9.7,5.4,16.8,10.8,22.5
elderly_headed_hh,middle_quintile,1992,8.4,4.4,14.4,9.3,21.0
elderly_headed_hh,middle_quintile,1993,8.3,4.1,15.6,8.9,21.1
elderly_headed_hh,middle_quintile,1994,8.6,4.4,15.1,9.4,22.8
elderly_headed_hh,middle_quintile,1995,8.0,4.1,14.9,8.7,20.7
elderly_headed_hh,middle_quintile,1996,6.7,3.2,13.6,7.5,20.5
elderly_headed_hh,middle_quintile,1997,6.5,3.2,14.1,7.0,20.1
elderly_headed_hh,middle_quintile,1998,7.0,3.7,14.7,7.5,20.9
elderly_headed_hh,middle_quintile,1999,7.2,3.8,15.4,7.7,21.1
elderly_headed_hh,middle_quintile,2000,7.3,4.0,15.4,7.9,22.3
elderly_headed_hh,middle_quintile,2001,7.5,3.7,15.3,8.3,22.6
elderly_headed_hh,middle_quintile,2002,7.3,3.4,15.6,7.6,22.4
elderly_headed_hh,middle_quintile,2003,7.2,3.4,14.0,6.7,23.2
elderly_headed_hh,middle_quintile,2004,6.4,3.2,13.9,5.6,20.7
elderly_headed_hh,middle_quintile,2005,6.0,2.9,14.0,5.3,21.0
elderly_headed_hh,middle_quintile,2006,5.9,2.9,14.0,5.4,20.5
elderly_headed_hh,middle_quintile,2007,5.4,2.9,13.3,4.9,20.0
elderly_headed_hh,middle_quintile,2008,4.9,0.8,12.5,5.4,21.8
elderly_headed_hh,middle_quintile,2009,5.8,2.2,12.2,5.2,22.7
elderly_headed_hh,middle_quintile,2010,5.6,2.2,12.5,5.0,22.4
elderly_headed_hh,middle_quintile,2011,5.5,2.8,11.6,4.6,22.3
elderly_headed_hh,middle_quintile,2012,4.8,2.4,11.1,3.9,21.3
elderly_headed_hh,middle_quintile,2013,5.2,2.7,11.0,4.1,20.6
elderly_headed_hh,middle_quintile,2014,4.7,2.3,10.9,3.7,19.6
elderly_headed_hh,fourth_quintile,1979,11.9,9.0,21.9,12.0,15.8
elderly_headed_hh,fourth_quintile,1980,12.6,9.7,22.8,13.1,17.3
elderly_headed_hh,fourth_quintile,1981,13.1,10.3,21.9,14.2,18.7
elderly_headed_hh,fourth_quintile,1982,13.5,10.6,22.8,14.6,20.3
elderly_headed_hh,fourth_quintile,1983,14.6,11.3,23.7,15.4,22.0
elderly_headed_hh,fourth_quintile,1984,14.9,11.2,24.8,16.1,22.5
elderly_headed_hh,fourth_quintile,1985,13.9,10.3,23.6,15.3,21.7
elderly_headed_hh,fourth_quintile,1986,13.7,10.0,24.2,15.0,20.2
elderly_headed_hh,fourth_quintile,1987,15.3,11.8,25.9,15.8,19.5
elderly_headed_hh,fourth_quintile,1988,14.6,11.5,25.2,14.5,19.8
elderly_headed_hh,fourth_quintile,1989,15.5,12.7,25.3,15.1,21.5
elderly_headed_hh,fourth_quintile,1990,15.7,13.1,24.2,15.3,22.2
elderly_headed_hh,fourth_quintile,1991,16.4,14.0,23.9,15.7,22.0
elderly_headed_hh,fourth_quintile,1992,16.0,13.2,24.4,15.3,22.3
elderly_headed_hh,fourth_quintile,1993,15.2,12.5,23.7,14.1,22.1
elderly_headed_hh,fourth_quintile,1994,14.7,12.1,24.1,13.6,21.4
elderly_headed_hh,fourth_quintile,1995,14.7,11.9,24.3,13.7,21.6
elderly_headed_hh,fourth_quintile,1996,13.7,10.8,23.3,13.4,22.6
elderly_headed_hh,fourth_quintile,1997,13.7,11.2,23.4,13.0,22.5
elderly_headed_hh,fourth_quintile,1998,13.5,11.2,23.0,12.6,21.5
elderly_headed_hh,fourth_quintile,1999,13.8,11.6,23.5,12.5,21.9
elderly_headed_hh,fourth_quintile,2000,14.3,12.2,24.5,12.7,21.4
elderly_headed_hh,fourth_quintile,2001,15.7,13.4,24.9,13.5,24.6
elderly_headed_hh,fourth_quintile,2002,15.2,13.1,23.9,12.2,23.8
elderly_headed_hh,fourth_quintile,2003,15.1,13.5,24.7,10.7,22.9
elderly_headed_hh,fourth_quintile,2004,13.9,12.4,24.8,9.8,22.0
elderly_headed_hh,fourth_quintile,2005,13.0,11.3,23.8,9.8,22.0
elderly_headed_hh,fourth_quintile,2006,13.1,11.5,24.1,10.0,22.9
elderly_headed_hh,fourth_quintile,2007,12.6,10.9,24.1,9.4,23.7
elderly_headed_hh,fourth_quintile,2008,14.1,11.2,25.2,10.3,23.5
elderly_headed_hh,fourth_quintile,2009,15.1,13.0,23.0,10.4,25.2
elderly_headed_hh,fourth_quintile,2010,14.4,12.7,23.4,9.5,24.4
elderly_headed_hh,fourth_quintile,2011,14.7,13.4,23.7,9.6,24.6
elderly_headed_hh,fourth_quintile,2012,13.1,11.9,22.6,8.0,24.0
elderly_headed_hh,fourth_quintile,2013,13.9,12.3,22.9,9.5,24.4
elderly_headed_hh,fourth_quintile,2014,13.2,11.6,22.9,8.6,24.0
elderly_headed_hh,highest_quintile,1979,74.2,86.2,48.2,72.1,39.4
elderly_headed_hh,highest_quintile,1980,75.1,85.4,49.7,72.3,40.1
elderly_headed_hh,highest_quintile,1981,75.5,84.8,52.5,72.0,40.3
elderly_headed_hh,highest_quintile,1982,75.8,84.6,54.5,71.8,39.8
elderly_headed_hh,highest_quintile,1983,74.3,84.2,54.1,71.7,38.4
elderly_headed_hh,highest_quintile,1984,74.0,84.7,53.0,70.3,35.5
elderly_headed_hh,highest_quintile,1985,75.3,85.3,55.1,71.4,36.2
elderly_headed_hh,highest_quintile,1986,74.9,85.5,51.8,71.0,39.2
elderly_headed_hh,highest_quintile,1987,71.6,83.3,49.2,69.1,34.6
elderly_headed_hh,highest_quintile,1988,72.6,83.0,49.9,70.8,35.8
elderly_headed_hh,highest_quintile,1989,72.0,81.7,49.7,70.7,34.5
elderly_headed_hh,highest_quintile,1990,71.3,80.9,51.1,70.4,33.7
elderly_headed_hh,highest_quintile,1991,69.4,79.7,51.2,68.9,32.6
elderly_headed_hh,highest_quintile,1992,71.4,81.7,53.8,71.0,33.6
elderly_headed_hh,highest_quintile,1993,72.4,82.8,54.2,72.8,34.1
elderly_headed_hh,highest_quintile,1994,72.5,83.0,54.0,73.1,31.5
elderly_headed_hh,highest_quintile,1995,73.4,83.5,53.6,73.9,33.8
elderly_headed_hh,highest_quintile,1996,76.5,85.6,56.6,75.9,35.6
elderly_headed_hh,highest_quintile,1997,77.0,85.2,56.1,77.0,37.0
elderly_headed_hh,highest_quintile,1998,76.5,84.6,55.8,76.9,37.5
elderly_headed_hh,highest_quintile,1999,75.7,84.1,53.4,76.6,36.2
elderly_headed_hh,highest_quintile,2000,75.0,83.1,52.1,75.7,33.8
elderly_headed_hh,highest_quintile,2001,73.4,82.5,52.9,74.5,30.1
elderly_headed_hh,highest_quintile,2002,74.0,83.2,53.6,76.6,29.7
elderly_headed_hh,highest_quintile,2003,74.3,83.0,55.4,79.3,30.7
elderly_headed_hh,highest_quintile,2004,76.8,84.2,55.7,81.7,36.9
elderly_headed_hh,highest_quintile,2005,78.3,85.5,56.9,82.3,36.7
elderly_headed_hh,highest_quintile,2006,78.7,85.4,57.2,82.2,38.1
elderly_headed_hh,highest_quintile,2007,79.6,85.9,56.8,83.2,39.2
elderly_headed_hh,highest_quintile,2008,79.6,90.2,56.9,80.6,34.9
elderly_headed_hh,highest_quintile,2009,76.5,84.8,59.9,80.2,33.5
elderly_headed_hh,highest_quintile,2010,77.6,85.2,59.7,82.0,34.5
elderly_headed_hh,highest_quintile,2011,77.5,83.7,60.4,82.4,34.6
elderly_headed_hh,highest_quintile,2012,80.0,85.5,62.3,85.3,37.0
elderly_headed_hh,highest_quintile,2013,78.5,84.8,61.9,83.1,36.5
elderly_headed_hh,highest_quintile,2014,80.0,86.0,61.8,84.9,37.6
elderly_headed_hh,percentiles_81_90,1979,10.7,9.7,17.5,10.0,10.4
elderly_headed_hh,percentiles_81_90,1980,11.0,10.1,16.9,10.6,10.9
elderly_headed_hh,percentiles_81_90,1981,11.6,10.8,17.6,10.5,11.5
elderly_headed_hh,percentiles_81_90,1982,12.0,11.0,18.2,10.8,11.9
elderly_headed_hh,percentiles_81_90,1983,12.8,11.7,19.1,11.8,12.3
elderly_headed_hh,percentiles_81_90,1984,12.1,11.2,18.1,11.2,11.8
elderly_headed_hh,percentiles_81_90,1985,11.9,10.8,18.6,10.9,11.5
elderly_headed_hh,percentiles_81_90,1986,10.7,9.5,16.8,10.4,10.1
elderly_headed_hh,percentiles_81_90,1987,12.1,11.6,17.6,10.9,9.8
elderly_headed_hh,percentiles_81_90,1988,11.7,11.0,17.5,10.8,10.2
elderly_headed_hh,percentiles_81_90,1989,12.3,12.0,17.4,11.0,11.5
elderly_headed_hh,percentiles_81_90,1990,12.2,12.0,16.3,10.8,10.7
elderly_headed_hh,percentiles_81_90,1991,12.9,13.1,15.7,11.4,11.1
elderly_headed_hh,percentiles_81_90,1992,13.3,13.1,19.3,11.0,11.5
elderly_headed_hh,percentiles_81_90,1993,12.5,12.4,17.1,11.0,11.2
elderly_headed_hh,percentiles_81_90,1994,12.2,12.3,16.9,10.4,11.2
elderly_headed_hh,percentiles_81_90,1995,13.7,14.0,17.5,11.9,12.8
elderly_headed_hh,percentiles_81_90,1996,12.3,11.9,17.8,10.9,12.0
elderly_headed_hh,percentiles_81_90,1997,12.4,11.9,17.8,11.3,12.5
elderly_headed_hh,percentiles_81_90,1998,12.6,12.4,18.1,10.6,12.6
elderly_headed_hh,percentiles_81_90,1999,12.0,11.8,17.0,10.4,11.7
elderly_headed_hh,percentiles_81_90,2000,12.4,12.3,16.1,10.8,11.5
elderly_headed_hh,percentiles_81_90,2001,13.0,13.0,18.3,9.8,11.0
elderly_headed_hh,percentiles_81_90,2002,13.0,13.1,18.6,9.6,11.0
elderly_headed_hh,percentiles_81_90,2003,12.0,12.2,18.4,8.4,10.4
elderly_headed_hh,percentiles_81_90,2004,11.5,11.8,18.3,7.9,11.1
elderly_headed_hh,percentiles_81_90,2005,11.4,11.5,18.5,8.5,11.7
elderly_headed_hh,percentiles_81_90,2006,11.6,11.8,18.2,8.9,12.1
elderly_headed_hh,percentiles_81_90,2007,11.3,11.1,17.9,8.4,13.2
elderly_headed_hh,percentiles_81_90,2008,12.1,11.9,17.7,8.4,12.0
elderly_headed_hh,percentiles_81_90,2009,13.9,13.7,19.3,9.2,13.0
elderly_headed_hh,percentiles_81_90,2010,13.4,13.6,18.6,8.8,12.7
elderly_headed_hh,percentiles_81_90,2011,12.7,13.0,18.1,8.1,12.7
elderly_headed_hh,percentiles_81_90,2012,12.2,12.3,19.4,7.5,12.9
elderly_headed_hh,percentiles_81_90,2013,13.6,13.5,19.8,9.7,13.8
elderly_headed_hh,percentiles_81_90,2014,12.5,11.9,19.7,9.1,13.5
elderly_headed_hh,percentiles_91_95,1979,8.3,8.4,12.6,7.2,6.8
elderly_headed_hh,percentiles_91_95,1980,9.8,9.6,12.8,9.3,7.8
elderly_headed_hh,percentiles_91_95,1981,10.4,10.5,13.3,9.5,8.3
elderly_headed_hh,percentiles_91_95,1982,10.1,10.0,13.0,8.8,7.6
elderly_headed_hh,percentiles_91_95,1983,10.9,11.0,14.2,9.8,7.9
elderly_headed_hh,percentiles_91_95,1984,11.3,11.7,14.1,9.5,8.0
elderly_headed_hh,percentiles_91_95,1985,10.5,10.8,13.4,9.1,7.2
elderly_headed_hh,percentiles_91_95,1986,9.3,9.3,12.0,8.3,6.8
elderly_headed_hh,percentiles_91_95,1987,9.4,10.1,11.0,8.2,6.3
elderly_headed_hh,percentiles_91_95,1988,9.5,9.7,13.0,8.1,6.8
elderly_headed_hh,percentiles_91_95,1989,9.9,10.4,11.5,9.0,7.0
elderly_headed_hh,percentiles_91_95,1990,11.2,11.6,13.5,10.2,7.9
elderly_headed_hh,percentiles_91_95,1991,11.3,12.2,13.1,9.7,7.3
elderly_headed_hh,percentiles_91_95,1992,10.2,11.0,10.9,9.5,6.8
elderly_headed_hh,percentiles_91_95,1993,11.1,11.4,13.8,10.3,7.5
elderly_headed_hh,percentiles_91_95,1994,10.3,11.1,11.7,9.3,6.6
elderly_headed_hh,percentiles_91_95,1995,10.6,11.1,12.0,9.9,7.0
elderly_headed_hh,percentiles_91_95,1996,10.9,11.2,13.2,10.1,7.5
elderly_headed_hh,percentiles_91_95,1997,10.8,11.3,12.4,9.9,7.7
elderly_headed_hh,percentiles_91_95,1998,11.1,11.4,13.5,10.2,8.2
elderly_headed_hh,percentiles_91_95,1999,10.6,10.8,13.0,9.8,7.5
elderly_headed_hh,percentiles_91_95,2000,10.2,10.4,12.1,9.3,6.8
elderly_headed_hh,percentiles_91_95,2001,10.6,11.0,13.4,8.8,6.3
elderly_headed_hh,percentiles_91_95,2002,10.0,10.8,12.0,8.0,6.0
elderly_headed_hh,percentiles_91_95,2003,10.1,10.8,13.5,7.5,6.7
elderly_headed_hh,percentiles_91_95,2004,9.5,9.7,13.4,7.6,7.3
elderly_headed_hh,percentiles_91_95,2005,10.2,10.4,14.3,8.4,7.9
elderly_headed_hh,percentiles_91_95,2006,10.3,10.5,13.8,9.0,7.7
elderly_headed_hh,percentiles_91_95,2007,10.3,10.3,14.0,8.7,8.5
elderly_headed_hh,percentiles_91_95,2008,10.7,11.1,13.7,7.9,7.4
elderly_headed_hh,percentiles_91_95,2009,11.0,11.5,14.0,7.4,7.4
elderly_headed_hh,percentiles_91_95,2010,11.9,12.5,15.3,8.4,7.9
elderly_headed_hh,percentiles_91_95,2011,11.3,11.8,14.9,7.9,7.8
elderly_headed_hh,percentiles_91_95,2012,10.7,11.3,15.2,7.2,8.2
elderly_headed_hh,percentiles_91_95,2013,10.9,10.9,14.7,8.8,7.9
elderly_headed_hh,percentiles_91_95,2014,10.9,10.8,15.3,9.0,8.5
elderly_headed_hh,percentiles_96_99,1979,18.4,20.3,13.4,18.6,11.3
elderly_headed_hh,percentiles_96_99,1980,20.2,22.5,15.2,19.4,11.8
elderly_headed_hh,percentiles_96_99,1981,21.8,24.4,16.0,20.3,12.0
elderly_headed_hh,percentiles_96_99,1982,21.0,23.6,16.6,18.0,11.3
elderly_headed_hh,percentiles_96_99,1983,18.8,21.3,14.0,17.8,9.9
elderly_headed_hh,percentiles_96_99,1984,18.2,21.0,14.4,16.3,8.8
elderly_headed_hh,percentiles_96_99,1985,18.8,21.2,15.7,17.1,9.5
elderly_headed_hh,percentiles_96_99,1986,18.2,20.0,16.3,16.8,11.0
elderly_headed_hh,percentiles_96_99,1987,19.9,23.0,14.9,18.6,10.7
elderly_headed_hh,percentiles_96_99,1988,18.3,20.4,13.7,17.8,10.3
elderly_headed_hh,percentiles_96_99,1989,19.9,22.7,15.1,18.9,9.8
elderly_headed_hh,percentiles_96_99,1990,19.1,21.5,15.6,18.1,9.1
elderly_headed_hh,percentiles_96_99,1991,19.3,22.1,15.8,18.7,8.6
elderly_headed_hh,percentiles_96_99,1992,19.4,21.7,16.9,19.0,9.3
elderly_headed_hh,percentiles_96_99,1993,18.4,20.3,16.2,18.3,9.4
elderly_headed_hh,percentiles_96_99,1994,19.1,21.5,16.7,18.7,8.5
elderly_headed_hh,percentiles_96_99,1995,19.0,21.3,16.1,18.7,8.6
elderly_headed_hh,percentiles_96_99,1996,18.7,20.5,16.5,18.1,9.1
elderly_headed_hh,percentiles_96_99,1997,19.6,21.0,17.1,19.6,10.1
elderly_headed_hh,percentiles_96_99,1998,18.7,20.2,15.5,18.8,9.9
elderly_headed_hh,percentiles_96_99,1999,18.0,19.4,14.1,18.5,9.8
elderly_headed_hh,percentiles_96_99,2000,19.2,20.9,15.4,19.3,9.4
elderly_headed_hh,percentiles_96_99,2001,17.6,19.6,13.5,17.6,7.6
elderly_headed_hh,percentiles_96_99,2002,17.2,19.3,14.5,16.6,6.7
elderly_headed_hh,percentiles_96_99,2003,17.3,19.3,15.5,16.8,7.7
elderly_headed_hh,percentiles_96_99,2004,16.6,18.0,15.5,16.0,9.4
elderly_headed_hh,percentiles_96_99,2005,17.6,19.0,15.8,17.4,9.4
elderly_headed_hh,percentiles_96_99,2006,18.9,20.4,17.0,18.5,9.9
elderly_headed_hh,percentiles_96_99,2007,18.5,19.9,16.4,17.9,10.4
elderly_headed_hh,percentiles_96_99,2008,18.8,21.5,17.0,15.5,8.9
elderly_headed_hh,percentiles_96_99,2009,17.2,18.7,17.6,15.0,7.9
elderly_headed_hh,percentiles_96_99,2010,17.6,19.7,17.1,14.7,8.1
elderly_headed_hh,percentiles_96_99,2011,17.3,19.0,17.8,14.6,8.2
elderly_headed_hh,percentiles_96_99,2012,17.6,19.1,18.6,14.8,9.2
elderly_headed_hh,percentiles_96_99,2013,18.6,19.5,18.1,18.3,8.9
elderly_headed_hh,percentiles_96_99,2014,18.3,19.2,17.5,18.3,9.4
elderly_headed_hh,top_1_percent,1979,36.8,47.8,4.6,36.3,10.9
elderly_headed_hh,top_1_percent,1980,34.1,43.2,4.8,33.0,9.5
elderly_headed_hh,top_1_percent,1981,31.7,39.1,5.7,31.7,8.5
elderly_headed_hh,top_1_percent,1982,32.7,40.0,6.7,34.2,8.9
elderly_headed_hh,top_1_percent,1983,31.9,40.2,6.8,32.4,8.3
elderly_headed_hh,top_1_percent,1984,32.4,40.8,6.4,33.2,7.0
elderly_headed_hh,top_1_percent,1985,34.1,42.6,7.5,34.4,7.9
elderly_headed_hh,top_1_percent,1986,36.7,46.6,6.7,35.5,11.3
elderly_headed_hh,top_1_percent,1987,30.2,38.6,5.7,31.3,7.9
elderly_headed_hh,top_1_percent,1988,33.1,41.8,5.7,34.0,8.5
elderly_headed_hh,top_1_percent,1989,29.7,36.7,5.7,31.7,6.3
elderly_headed_hh,top_1_percent,1990,28.8,35.7,5.7,31.4,6.0
elderly_headed_hh,top_1_percent,1991,25.9,32.4,6.6,29.2,5.6
elderly_headed_hh,top_1_percent,1992,28.5,35.9,6.7,31.5,5.9
elderly_headed_hh,top_1_percent,1993,30.5,38.7,7.1,33.1,6.0
elderly_headed_hh,top_1_percent,1994,31.0,38.2,8.6,34.7,5.2
elderly_headed_hh,top_1_percent,1995,30.2,37.0,8.0,33.4,5.4
elderly_headed_hh,top_1_percent,1996,34.6,41.9,9.1,36.9,6.9
elderly_headed_hh,top_1_percent,1997,34.2,41.1,8.9,36.2,6.7
elderly_headed_hh,top_1_percent,1998,34.1,40.6,8.7,37.3,6.8
elderly_headed_hh,top_1_percent,1999,35.1,42.0,9.4,37.9,7.1
elderly_headed_hh,top_1_percent,2000,33.2,39.5,8.4,36.2,6.0
elderly_headed_hh,top_1_percent,2001,32.2,38.9,7.7,38.3,5.1
elderly_headed_hh,top_1_percent,2002,33.7,40.1,8.6,42.4,6.0
elderly_headed_hh,top_1_percent,2003,34.9,40.8,7.9,46.6,5.9
elderly_headed_hh,top_1_percent,2004,39.2,44.6,8.4,50.1,9.2
elderly_headed_hh,top_1_percent,2005,39.1,44.5,8.3,48.0,7.7
elderly_headed_hh,top_1_percent,2006,37.8,42.7,8.2,45.7,8.4
elderly_headed_hh,top_1_percent,2007,39.5,44.6,8.5,48.1,7.1
elderly_headed_hh,top_1_percent,2008,38.0,45.7,8.5,48.8,6.6
elderly_headed_hh,top_1_percent,2009,34.4,41.0,9.0,48.6,5.2
elderly_headed_hh,top_1_percent,2010,34.7,39.3,8.6,50.1,5.8
elderly_headed_hh,top_1_percent,2011,36.2,39.8,9.7,51.7,6.0
elderly_headed_hh,top_1_percent,2012,39.4,42.8,9.1,55.9,6.7
elderly_headed_hh,top_1_percent,2013,35.4,40.9,9.3,46.3,5.9
elderly_headed_hh,top_1_percent,2014,38.3,44.2,9.4,48.5,6.2
nonelderly_childless_hh,all_quintiles,1979,100.0,100.0,100.0,100.0,100.0
nonelderly_childless_hh,all_quintiles,1980,100.0,100.0,100.0,100.0,100.0
nonelderly_childless_hh,all_quintiles,1981,100.0,100.0,100.0,100.0,100.0
nonelderly_childless_hh,all_quintiles,1982,100.0,100.0,100.0,100.0,100.0
nonelderly_childless_hh,all_quintiles,1983,100.0,100.0,100.0,100.0,100.0
nonelderly_childless_hh,all_quintiles,1984,100.0,100.0,100.0,100.0,100.0
nonelderly_childless_hh,all_quintiles,1985,100.0,100.0,100.0,100.0,100.0
nonelderly_childless_hh,all_quintiles,1986,100.0,100.0,100.0,100.0,100.0
nonelderly_childless_hh,all_quintiles,1987,100.0,100.0,100.0,100.0,100.0
nonelderly_childless_hh,all_quintiles,1988,100.0,100.0,100.0,100.0,100.0
nonelderly_childless_hh,all_quintiles,1989,100.0,100.0,100.0,100.0,100.0
nonelderly_childless_hh,all_quintiles,1990,100.0,100.0,100.0,100.0,100.0
nonelderly_childless_hh,all_quintiles,1991,100.0,100.0,100.0,100.0,100.0
nonelderly_childless_hh,all_quintiles,1992,100.0,100.0,100.0,100.0,100.0
nonelderly_childless_hh,all_quintiles,1993,100.0,100.0,100.0,100.0,100.0
nonelderly_childless_hh,all_quintiles,1994,100.0,100.0,100.0,100.0,100.0
nonelderly_childless_hh,all_quintiles,1995,100.0,100.0,100.0,100.0,100.0
nonelderly_childless_hh,all_quintiles,1996,100.0,100.0,100.0,100.0,100.0
nonelderly_childless_hh,all_quintiles,1997,100.0,100.0,100.0,100.0,100.0
nonelderly_childless_hh,all_quintiles,1998,100.0,100.0,100.0,100.0,100.0
nonelderly_childless_hh,all_quintiles,1999,100.0,100.0,100.0,100.0,100.0
nonelderly_childless_hh,all_quintiles,2000,100.0,100.0,100.0,100.0,100.0
nonelderly_childless_hh,all_quintiles,2001,100.0,100.0,100.0,100.0,100.0
nonelderly_childless_hh,all_quintiles,2002,100.0,100.0,100.0,100.0,100.0
nonelderly_childless_hh,all_quintiles,2003,100.0,100.0,100.0,100.0,100.0
nonelderly_childless_hh,all_quintiles,2004,100.0,100.0,100.0,100.0,100.0
nonelderly_childless_hh,all_quintiles,2005,100.0,100.0,100.0,100.0,100.0
nonelderly_childless_hh,all_quintiles,2006,100.0,100.0,100.0,100.0,100.0
nonelderly_childless_hh,all_quintiles,2007,100.0,100.0,100.0,100.0,100.0
nonelderly_childless_hh,all_quintiles,2008,100.0,100.0,100.0,100.0,100.0
nonelderly_childless_hh,all_quintiles,2009,100.0,100.0,100.0,100.0,100.0
nonelderly_childless_hh,all_quintiles,2010,100.0,100.0,100.0,100.0,100.0
nonelderly_childless_hh,all_quintiles,2011,100.0,100.0,100.0,100.0,100.0
nonelderly_childless_hh,all_quintiles,2012,100.0,100.0,100.0,100.0,100.0
nonelderly_childless_hh,all_quintiles,2013,100.0,100.0,100.0,100.0,100.0
nonelderly_childless_hh,all_quintiles,2014,100.0,100.0,100.0,100.0,100.0
nonelderly_childless_hh,lowest_quintile,1979,1.4,0.2,2.5,1.7,6.7
nonelderly_childless_hh,lowest_quintile,1980,1.3,0.2,2.4,1.7,6.7
nonelderly_childless_hh,lowest_quintile,1981,1.3,0.3,2.4,1.8,6.7
nonelderly_childless_hh,lowest_quintile,1982,1.4,0.3,2.5,1.9,7.4
nonelderly_childless_hh,lowest_quintile,1983,1.5,0.3,2.4,1.9,7.8
nonelderly_childless_hh,lowest_quintile,1984,1.7,0.4,2.6,2.7,8.3
nonelderly_childless_hh,lowest_quintile,1985,1.6,0.3,2.5,1.9,8.6
nonelderly_childless_hh,lowest_quintile,1986,1.6,0.3,2.5,2.0,8.4
nonelderly_childless_hh,lowest_quintile,1987,1.4,0.1,2.2,1.8,8.9
nonelderly_childless_hh,lowest_quintile,1988,1.3,,2.2,1.4,8.1
nonelderly_childless_hh,lowest_quintile,1989,1.3,,2.3,1.5,7.4
nonelderly_childless_hh,lowest_quintile,1990,1.4,0.1,2.4,1.5,8.3
nonelderly_childless_hh,lowest_quintile,1991,1.4,,2.4,1.7,8.0
nonelderly_childless_hh,lowest_quintile,1992,1.4,,2.4,1.6,8.1
nonelderly_childless_hh,lowest_quintile,1993,1.3,-0.1,2.2,1.5,7.8
nonelderly_childless_hh,lowest_quintile,1994,1.2,-0.3,2.2,1.3,8.1
nonelderly_childless_hh,lowest_quintile,1995,1.3,-0.3,2.5,1.6,8.2
nonelderly_childless_hh,lowest_quintile,1996,1.2,-0.3,2.4,1.4,7.7
nonelderly_childless_hh,lowest_quintile,1997,1.2,-0.3,2.5,1.3,8.1
nonelderly_childless_hh,lowest_quintile,1998,1.2,-0.3,2.6,1.4,8.3
nonelderly_childless_hh,lowest_quintile,1999,1.3,-0.4,2.8,1.5,8.9
nonelderly_childless_hh,lowest_quintile,2000,1.2,-0.3,2.6,1.3,9.5
nonelderly_childless_hh,lowest_quintile,2001,1.2,-0.5,2.6,1.4,9.9
nonelderly_childless_hh,lowest_quintile,2002,1.3,-0.6,2.6,1.6,9.9
nonelderly_childless_hh,lowest_quintile,2003,1.3,-0.7,2.6,1.5,10.4
nonelderly_childless_hh,lowest_quintile,2004,1.3,-0.7,2.7,1.4,9.1
nonelderly_childless_hh,lowest_quintile,2005,1.3,-0.6,2.9,1.3,9.9
nonelderly_childless_hh,lowest_quintile,2006,1.4,-0.6,2.9,1.4,11.5
nonelderly_childless_hh,lowest_quintile,2007,1.5,-0.8,3.4,1.7,11.7
nonelderly_childless_hh,lowest_quintile,2008,1.2,-2.0,3.4,1.8,13.1
nonelderly_childless_hh,lowest_quintile,2009,1.1,-2.4,3.2,1.7,13.1
nonelderly_childless_hh,lowest_quintile,2010,1.2,-2.3,3.4,1.7,15.2
nonelderly_childless_hh,lowest_quintile,2011,1.3,-1.6,3.3,1.7,14.6
nonelderly_childless_hh,lowest_quintile,2012,1.2,-1.2,3.1,1.5,13.7
nonelderly_childless_hh,lowest_quintile,2013,1.5,-1.5,3.5,1.7,14.8
nonelderly_childless_hh,lowest_quintile,2014,1.2,-1.6,3.2,1.6,13.2
nonelderly_childless_hh,second_quintile,1979,5.0,2.8,8.3,4.3,11.9
nonelderly_childless_hh,second_quintile,1980,4.9,2.8,7.9,4.4,11.6
nonelderly_childless_hh,second_quintile,1981,5.0,3.0,7.9,4.3,11.7
nonelderly_childless_hh,second_quintile,1982,4.8,2.8,7.4,4.3,11.2
nonelderly_childless_hh,second_quintile,1983,4.8,2.7,7.1,4.5,11.0
nonelderly_childless_hh,second_quintile,1984,5.4,3.1,7.7,4.9,11.8
nonelderly_childless_hh,second_quintile,1985,5.2,3.0,7.6,4.5,11.4
nonelderly_childless_hh,second_quintile,1986,4.8,2.7,7.2,4.1,11.3
nonelderly_childless_hh,second_quintile,1987,4.8,2.3,7.3,4.5,11.8
nonelderly_childless_hh,second_quintile,1988,4.8,2.3,7.4,4.0,11.8
nonelderly_childless_hh,second_quintile,1989,5.0,2.5,7.8,4.2,11.9
nonelderly_childless_hh,second_quintile,1990,4.9,2.5,7.5,4.0,11.7
nonelderly_childless_hh,second_quintile,1991,4.9,2.4,7.4,4.1,12.1
nonelderly_childless_hh,second_quintile,1992,4.5,2.0,7.0,3.7,12.2
nonelderly_childless_hh,second_quintile,1993,4.4,2.0,6.9,3.7,11.8
nonelderly_childless_hh,second_quintile,1994,4.3,1.7,6.8,3.8,12.1
nonelderly_childless_hh,second_quintile,1995,4.5,1.9,7.1,3.8,12.0
nonelderly_childless_hh,second_quintile,1996,4.3,1.8,7.1,3.7,11.9
nonelderly_childless_hh,second_quintile,1997,4.3,1.8,7.1,3.5,12.2
nonelderly_childless_hh,second_quintile,1998,4.2,1.6,7.2,3.4,11.9
nonelderly_childless_hh,second_quintile,1999,4.2,1.6,7.3,3.4,11.7
nonelderly_childless_hh,second_quintile,2000,4.4,1.7,7.6,3.6,12.1
nonelderly_childless_hh,second_quintile,2001,4.0,1.1,7.0,3.5,12.0
nonelderly_childless_hh,second_quintile,2002,4.2,0.9,7.3,3.7,12.9
nonelderly_childless_hh,second_quintile,2003,4.0,0.6,6.9,3.4,12.1
nonelderly_childless_hh,second_quintile,2004,4.1,0.7,7.3,3.4,12.5
nonelderly_childless_hh,second_quintile,2005,4.1,0.8,7.5,3.1,12.7
nonelderly_childless_hh,second_quintile,2006,4.2,0.8,7.6,3.2,13.1
nonelderly_childless_hh,second_quintile,2007,4.4,1.1,7.9,3.6,12.1
nonelderly_childless_hh,second_quintile,2008,3.9,-0.8,7.9,3.7,12.5
nonelderly_childless_hh,second_quintile,2009,3.8,-1.2,7.6,3.8,13.6
nonelderly_childless_hh,second_quintile,2010,4.0,-1.0,8.0,3.7,14.0
nonelderly_childless_hh,second_quintile,2011,4.1,,8.0,3.9,14.0
nonelderly_childless_hh,second_quintile,2012,3.8,0.2,7.6,3.3,13.1
nonelderly_childless_hh,second_quintile,2013,4.2,0.2,7.8,3.8,13.1
nonelderly_childless_hh,second_quintile,2014,3.9,-0.1,7.8,3.6,12.7
nonelderly_childless_hh,middle_quintile,1979,9.4,7.1,13.6,6.7,14.9
nonelderly_childless_hh,middle_quintile,1980,9.4,7.2,13.4,7.0,14.8
nonelderly_childless_hh,middle_quintile,1981,9.8,7.6,13.4,7.4,15.5
nonelderly_childless_hh,middle_quintile,1982,9.7,7.3,13.2,7.3,14.2
nonelderly_childless_hh,middle_quintile,1983,10.0,7.6,13.3,7.6,14.8
nonelderly_childless_hh,middle_quintile,1984,10.1,7.6,13.3,8.0,14.2
nonelderly_childless_hh,middle_quintile,1985,10.1,7.6,13.5,7.1,14.4
nonelderly_childless_hh,middle_quintile,1986,9.7,7.1,13.1,7.3,14.1
nonelderly_childless_hh,middle_quintile,1987,9.6,6.8,13.3,7.5,14.7
nonelderly_childless_hh,middle_quintile,1988,9.2,6.3,13.0,7.1,14.3
nonelderly_childless_hh,middle_quintile,1989,9.8,6.9,13.5,7.2,14.9
nonelderly_childless_hh,middle_quintile,1990,9.5,6.7,13.1,6.5,14.8
nonelderly_childless_hh,middle_quintile,1991,9.7,6.9,13.0,7.2,15.0
nonelderly_childless_hh,middle_quintile,1992,9.6,6.6,13.3,6.9,15.6
nonelderly_childless_hh,middle_quintile,1993,9.4,6.4,13.0,6.7,15.5
nonelderly_childless_hh,middle_quintile,1994,9.3,6.4,12.9,6.6,15.7
nonelderly_childless_hh,middle_quintile,1995,9.6,6.5,13.4,6.9,15.8
nonelderly_childless_hh,middle_quintile,1996,9.3,6.2,13.4,6.7,16.5
nonelderly_childless_hh,middle_quintile,1997,9.3,6.1,13.7,6.4,15.7
nonelderly_childless_hh,middle_quintile,1998,9.1,5.9,13.5,6.3,15.7
nonelderly_childless_hh,middle_quintile,1999,8.7,5.5,13.1,6.1,15.4
nonelderly_childless_hh,middle_quintile,2000,8.8,5.6,13.5,6.2,15.5
nonelderly_childless_hh,middle_quintile,2001,8.9,5.2,13.2,6.4,15.4
nonelderly_childless_hh,middle_quintile,2002,9.1,5.3,13.2,6.5,16.2
nonelderly_childless_hh,middle_quintile,2003,9.1,5.2,13.1,6.2,15.7
nonelderly_childless_hh,middle_quintile,2004,9.0,5.1,13.4,6.0,15.8
nonelderly_childless_hh,middle_quintile,2005,8.7,4.9,13.5,5.6,15.3
nonelderly_childless_hh,middle_quintile,2006,9.0,5.2,14.0,6.0,16.0
nonelderly_childless_hh,middle_quintile,2007,9.6,5.6,14.4,6.7,16.5
nonelderly_childless_hh,middle_quintile,2008,9.0,3.7,14.1,6.4,15.8
nonelderly_childless_hh,middle_quintile,2009,9.3,3.8,14.0,6.5,16.7
nonelderly_childless_hh,middle_quintile,2010,9.3,4.3,14.0,6.6,16.4
nonelderly_childless_hh,middle_quintile,2011,9.2,5.2,13.8,6.6,16.3
nonelderly_childless_hh,middle_quintile,2012,9.0,5.1,14.0,6.1,16.5
nonelderly_childless_hh,middle_quintile,2013,9.7,5.3,14.4,6.7,16.7
nonelderly_childless_hh,middle_quintile,2014,9.1,4.8,14.0,6.6,16.3
nonelderly_childless_hh,fourth_quintile,1979,19.4,17.3,25.4,12.9,21.4
nonelderly_childless_hh,fourth_quintile,1980,19.8,17.6,25.6,13.5,21.5
nonelderly_childless_hh,fourth_quintile,1981,19.6,17.5,24.7,13.2,20.9
nonelderly_childless_hh,fourth_quintile,1982,19.5,17.2,23.8,13.1,21.3
nonelderly_childless_hh,fourth_quintile,1983,20.1,17.6,24.5,13.9,21.9
nonelderly_childless_hh,fourth_quintile,1984,20.2,17.6,24.6,13.8,21.8
nonelderly_childless_hh,fourth_quintile,1985,19.7,16.9,24.4,13.1,21.1
nonelderly_childless_hh,fourth_quintile,1986,19.4,16.4,24.4,13.1,20.6
nonelderly_childless_hh,fourth_quintile,1987,19.1,15.6,24.5,13.9,21.7
nonelderly_childless_hh,fourth_quintile,1988,19.0,15.3,25.0,13.0,22.7
nonelderly_childless_hh,fourth_quintile,1989,19.3,15.9,24.6,13.5,22.4
nonelderly_childless_hh,fourth_quintile,1990,19.3,15.6,24.9,12.8,22.6
nonelderly_childless_hh,fourth_quintile,1991,19.1,15.8,23.9,13.2,22.5
nonelderly_childless_hh,fourth_quintile,1992,18.6,14.8,24.0,12.4,22.2
nonelderly_childless_hh,fourth_quintile,1993,18.5,14.9,24.0,12.7,21.7
nonelderly_childless_hh,fourth_quintile,1994,18.9,15.3,24.3,12.8,22.6
nonelderly_childless_hh,fourth_quintile,1995,18.8,15.1,24.4,12.8,23.0
nonelderly_childless_hh,fourth_quintile,1996,18.2,14.4,24.2,12.4,22.3
nonelderly_childless_hh,fourth_quintile,1997,17.5,13.6,23.9,11.8,21.9
nonelderly_childless_hh,fourth_quintile,1998,18.0,13.9,24.7,11.8,22.3
nonelderly_childless_hh,fourth_quintile,1999,17.6,13.4,24.3,11.7,22.1
nonelderly_childless_hh,fourth_quintile,2000,17.5,13.2,24.5,11.7,22.5
nonelderly_childless_hh,fourth_quintile,2001,18.3,13.8,24.4,12.3,23.1
nonelderly_childless_hh,fourth_quintile,2002,18.6,14.3,23.9,12.3,22.5
nonelderly_childless_hh,fourth_quintile,2003,18.5,14.4,23.7,11.6,21.9
nonelderly_childless_hh,fourth_quintile,2004,18.3,14.0,24.3,11.2,22.5
nonelderly_childless_hh,fourth_quintile,2005,17.4,13.1,24.4,10.4,21.9
nonelderly_childless_hh,fourth_quintile,2006,17.7,13.5,24.7,11.1,21.1
nonelderly_childless_hh,fourth_quintile,2007,17.8,13.6,24.1,11.7,21.8
nonelderly_childless_hh,fourth_quintile,2008,17.7,12.5,23.7,11.1,19.9
nonelderly_childless_hh,fourth_quintile,2009,18.3,13.4,23.5,11.2,20.0
nonelderly_childless_hh,fourth_quintile,2010,18.5,14.0,23.9,11.6,19.7
nonelderly_childless_hh,fourth_quintile,2011,18.4,14.8,23.8,11.8,20.0
nonelderly_childless_hh,fourth_quintile,2012,17.6,13.9,23.7,10.9,20.2
nonelderly_childless_hh,fourth_quintile,2013,18.1,14.2,23.6,12.1,19.5
nonelderly_childless_hh,fourth_quintile,2014,18.2,13.9,24.3,11.9,21.0
nonelderly_childless_hh,highest_quintile,1979,64.7,72.6,50.2,74.0,44.6
nonelderly_childless_hh,highest_quintile,1980,64.6,72.2,50.7,73.0,44.8
nonelderly_childless_hh,highest_quintile,1981,64.2,71.7,51.6,72.6,44.3
nonelderly_childless_hh,highest_quintile,1982,64.4,72.4,53.0,72.7,45.3
nonelderly_childless_hh,highest_quintile,1983,63.4,71.8,52.6,71.3,43.7
nonelderly_childless_hh,highest_quintile,1984,62.5,71.2,51.7,69.9,43.1
nonelderly_childless_hh,highest_quintile,1985,63.2,72.1,51.8,72.5,43.7
nonelderly_childless_hh,highest_quintile,1986,64.4,73.6,52.6,72.7,44.8
nonelderly_childless_hh,highest_quintile,1987,64.9,75.1,52.6,71.2,42.2
nonelderly_childless_hh,highest_quintile,1988,65.5,76.1,52.2,73.4,42.7
nonelderly_childless_hh,highest_quintile,1989,64.4,74.8,51.6,72.4,42.9
nonelderly_childless_hh,highest_quintile,1990,64.7,75.0,51.9,73.9,42.0
nonelderly_childless_hh,highest_quintile,1991,64.6,74.9,53.1,72.3,41.9
nonelderly_childless_hh,highest_quintile,1992,65.7,76.6,53.1,74.2,41.2
nonelderly_childless_hh,highest_quintile,1993,66.2,76.8,53.8,74.5,42.4
nonelderly_childless_hh,highest_quintile,1994,66.0,77.0,53.7,74.1,40.4
nonelderly_childless_hh,highest_quintile,1995,65.6,76.7,52.5,73.7,40.3
nonelderly_childless_hh,highest_quintile,1996,66.8,77.9,52.8,74.9,41.2
nonelderly_childless_hh,highest_quintile,1997,67.6,78.7,52.7,76.2,41.5
nonelderly_childless_hh,highest_quintile,1998,67.3,78.9,51.8,76.4,41.3
nonelderly_childless_hh,highest_quintile,1999,68.1,79.8,52.3,76.5,41.4
nonelderly_childless_hh,highest_quintile,2000,68.1,79.7,51.6,76.6,40.1
nonelderly_childless_hh,highest_quintile,2001,67.4,80.4,52.7,75.4,39.2
nonelderly_childless_hh,highest_quintile,2002,66.6,80.0,52.9,74.8,38.1
nonelderly_childless_hh,highest_quintile,2003,66.8,80.5,53.6,76.1,39.3
nonelderly_childless_hh,highest_quintile,2004,67.2,81.0,52.2,77.1,39.8
nonelderly_childless_hh,highest_quintile,2005,68.3,81.8,51.5,78.8,39.7
nonelderly_childless_hh,highest_quintile,2006,67.5,81.2,50.6,77.4,37.8
nonelderly_childless_hh,highest_quintile,2007,66.4,80.5,50.0,75.3,37.5
nonelderly_childless_hh,highest_quintile,2008,67.9,86.7,50.6,75.4,38.2
nonelderly_childless_hh,highest_quintile,2009,67.3,86.3,51.5,74.3,35.9
nonelderly_childless_hh,highest_quintile,2010,66.7,85.1,50.5,74.9,34.1
nonelderly_childless_hh,highest_quintile,2011,66.8,81.6,50.9,74.3,34.6
nonelderly_childless_hh,highest_quintile,2012,68.1,82.1,51.4,77.0,36.0
nonelderly_childless_hh,highest_quintile,2013,66.3,81.8,50.6,74.3,35.3
nonelderly_childless_hh,highest_quintile,2014,67.2,82.9,50.6,74.7,36.3
nonelderly_childless_hh,percentiles_81_90,1979,19.1,18.9,22.2,13.2,17.4
nonelderly_childless_hh,percentiles_81_90,1980,19.5,19.1,22.3,13.7,17.3
nonelderly_childless_hh,percentiles_81_90,1981,20.0,19.6,22.3,13.6,17.4
nonelderly_childless_hh,percentiles_81_90,1982,20.2,19.7,22.1,14.1,18.2
nonelderly_childless_hh,percentiles_81_90,1983,19.6,18.9,22.0,12.9,17.3
nonelderly_childless_hh,percentiles_81_90,1984,19.6,18.8,22.3,13.0,16.9
nonelderly_childless_hh,percentiles_81_90,1985,19.3,18.3,22.0,12.5,16.6
nonelderly_childless_hh,percentiles_81_90,1986,19.2,17.8,22.4,12.8,16.5
nonelderly_childless_hh,percentiles_81_90,1987,19.2,17.9,22.5,13.4,16.8
nonelderly_childless_hh,percentiles_81_90,1988,18.3,16.7,22.1,12.2,16.5
nonelderly_childless_hh,percentiles_81_90,1989,19.0,17.7,22.1,13.0,17.2
nonelderly_childless_hh,percentiles_81_90,1990,18.6,17.1,21.9,12.2,17.1
nonelderly_childless_hh,percentiles_81_90,1991,18.2,17.0,21.0,12.2,16.6
nonelderly_childless_hh,percentiles_81_90,1992,17.6,16.0,21.0,11.5,16.3
nonelderly_childless_hh,percentiles_81_90,1993,17.6,16.0,21.3,11.6,16.2
nonelderly_childless_hh,percentiles_81_90,1994,17.6,16.3,21.0,11.2,15.8
nonelderly_childless_hh,percentiles_81_90,1995,16.9,15.6,20.1,11.6,15.3
nonelderly_childless_hh,percentiles_81_90,1996,17.3,15.5,21.0,12.2,16.4
nonelderly_childless_hh,percentiles_81_90,1997,17.2,15.3,21.4,11.6,16.8
nonelderly_childless_hh,percentiles_81_90,1998,17.1,15.1,21.2,11.1,16.7
nonelderly_childless_hh,percentiles_81_90,1999,16.6,14.6,20.8,11.1,16.2
nonelderly_childless_hh,percentiles_81_90,2000,16.1,14.1,20.3,10.8,15.6
nonelderly_childless_hh,percentiles_81_90,2001,16.9,15.0,20.3,10.9,15.5
nonelderly_childless_hh,percentiles_81_90,2002,17.4,15.7,20.3,11.2,15.0
nonelderly_childless_hh,percentiles_81_90,2003,17.9,16.3,21.1,10.9,15.9
nonelderly_childless_hh,percentiles_81_90,2004,17.0,15.3,20.5,10.1,15.7
nonelderly_childless_hh,percentiles_81_90,2005,16.1,14.1,20.7,9.7,14.8
nonelderly_childless_hh,percentiles_81_90,2006,16.2,14.4,20.5,10.5,14.9
nonelderly_childless_hh,percentiles_81_90,2007,16.6,14.7,20.3,10.8,15.2
nonelderly_childless_hh,percentiles_81_90,2008,16.9,15.1,19.9,10.3,13.8
nonelderly_childless_hh,percentiles_81_90,2009,17.3,15.7,19.8,10.5,13.4
nonelderly_childless_hh,percentiles_81_90,2010,17.1,16.0,19.7,10.5,12.6
nonelderly_childless_hh,percentiles_81_90,2011,16.8,16.0,19.5,10.3,12.9
nonelderly_childless_hh,percentiles_81_90,2012,16.7,15.4,20.2,9.9,13.6
nonelderly_childless_hh,percentiles_81_90,2013,17.0,15.7,20.0,10.9,13.1
nonelderly_childless_hh,percentiles_81_90,2014,16.7,15.2,19.9,11.1,14.0
nonelderly_childless_hh,percentiles_91_95,1979,15.3,16.3,15.4,11.6,11.9
nonelderly_childless_hh,percentiles_91_95,1980,15.3,16.2,15.1,11.8,11.7
nonelderly_childless_hh,percentiles_91_95,1981,15.5,16.5,15.3,11.3,11.6
nonelderly_childless_hh,percentiles_91_95,1982,15.7,16.2,15.9,10.6,12.1
nonelderly_childless_hh,percentiles_91_95,1983,14.9,15.6,15.2,10.9,10.8
nonelderly_childless_hh,percentiles_91_95,1984,14.5,15.1,14.9,10.3,10.8
nonelderly_childless_hh,percentiles_91_95,1985,14.3,14.7,14.9,10.4,11.0
nonelderly_childless_hh,percentiles_91_95,1986,14.7,14.9,15.5,10.6,11.3
nonelderly_childless_hh,percentiles_91_95,1987,14.8,15.5,15.2,11.2,11.2
nonelderly_childless_hh,percentiles_91_95,1988,14.1,14.2,15.1,10.2,10.8
nonelderly_childless_hh,percentiles_91_95,1989,14.1,14.6,14.7,10.6,10.7
nonelderly_childless_hh,percentiles_91_95,1990,13.9,14.1,14.7,10.2,10.7
nonelderly_childless_hh,percentiles_91_95,1991,13.9,14.1,14.7,10.3,10.3
nonelderly_childless_hh,percentiles_91_95,1992,13.9,13.9,15.0,10.5,10.5
nonelderly_childless_hh,percentiles_91_95,1993,14.0,14.0,15.1,10.5,10.9
nonelderly_childless_hh,percentiles_91_95,1994,13.8,14.0,14.9,9.6,10.3
nonelderly_childless_hh,percentiles_91_95,1995,14.1,14.2,15.2,10.3,10.5
nonelderly_childless_hh,percentiles_91_95,1996,13.4,13.4,14.6,10.0,10.2
nonelderly_childless_hh,percentiles_91_95,1997,13.4,13.3,14.6,10.0,10.5
nonelderly_childless_hh,percentiles_91_95,1998,13.1,13.0,14.3,9.5,10.2
nonelderly_childless_hh,percentiles_91_95,1999,13.0,13.0,14.2,9.6,10.2
nonelderly_childless_hh,percentiles_91_95,2000,12.8,12.6,14.1,9.5,10.0
nonelderly_childless_hh,percentiles_91_95,2001,13.6,13.7,14.5,9.2,9.8
nonelderly_childless_hh,percentiles_91_95,2002,13.5,13.8,14.1,9.0,9.4
nonelderly_childless_hh,percentiles_91_95,2003,13.3,13.7,14.3,8.4,9.1
nonelderly_childless_hh,percentiles_91_95,2004,13.1,13.4,14.3,8.6,9.4
nonelderly_childless_hh,percentiles_91_95,2005,12.5,12.5,14.2,8.5,9.0
nonelderly_childless_hh,percentiles_91_95,2006,12.4,12.6,13.8,8.6,8.8
nonelderly_childless_hh,percentiles_91_95,2007,12.7,12.8,13.7,9.2,9.1
nonelderly_childless_hh,percentiles_91_95,2008,13.4,14.0,13.9,8.6,8.9
nonelderly_childless_hh,percentiles_91_95,2009,13.9,14.8,14.0,8.8,8.7
nonelderly_childless_hh,percentiles_91_95,2010,13.3,14.3,13.5,8.5,7.9
nonelderly_childless_hh,percentiles_91_95,2011,13.5,14.4,13.9,8.3,8.3
nonelderly_childless_hh,percentiles_91_95,2012,13.2,13.7,14.1,8.1,8.5
nonelderly_childless_hh,percentiles_91_95,2013,13.0,13.5,13.6,9.2,8.2
nonelderly_childless_hh,percentiles_91_95,2014,13.3,13.9,13.9,9.3,9.2
nonelderly_childless_hh,percentiles_96_99,1979,16.9,20.2,11.0,19.4,11.2
nonelderly_childless_hh,percentiles_96_99,1980,17.3,20.6,11.6,19.2,11.5
nonelderly_childless_hh,percentiles_96_99,1981,17.5,20.9,12.1,19.3,11.2
nonelderly_childless_hh,percentiles_96_99,1982,16.8,19.9,12.6,16.9,11.0
nonelderly_childless_hh,percentiles_96_99,1983,16.8,19.9,13.0,17.8,10.9
nonelderly_childless_hh,percentiles_96_99,1984,16.1,19.3,12.4,16.7,10.7
nonelderly_childless_hh,percentiles_96_99,1985,16.3,19.5,12.7,16.9,11.1
nonelderly_childless_hh,percentiles_96_99,1986,16.5,19.7,12.6,17.1,11.3
nonelderly_childless_hh,percentiles_96_99,1987,16.7,20.3,12.5,17.6,9.9
nonelderly_childless_hh,percentiles_96_99,1988,16.1,19.2,12.5,16.6,10.0
nonelderly_childless_hh,percentiles_96_99,1989,16.3,19.8,12.3,16.8,10.0
nonelderly_childless_hh,percentiles_96_99,1990,16.0,19.1,12.7,16.3,9.6
nonelderly_childless_hh,percentiles_96_99,1991,17.0,20.2,13.9,16.7,10.4
nonelderly_childless_hh,percentiles_96_99,1992,16.5,19.5,13.6,16.5,10.1
nonelderly_childless_hh,percentiles_96_99,1993,16.8,19.5,13.9,17.3,10.6
nonelderly_childless_hh,percentiles_96_99,1994,16.5,19.8,13.6,15.8,10.0
nonelderly_childless_hh,percentiles_96_99,1995,16.7,19.9,13.3,17.3,9.9
nonelderly_childless_hh,percentiles_96_99,1996,16.6,19.7,13.2,16.7,10.1
nonelderly_childless_hh,percentiles_96_99,1997,16.0,18.9,12.5,16.2,9.5
nonelderly_childless_hh,percentiles_96_99,1998,16.2,19.4,12.4,15.7,9.7
nonelderly_childless_hh,percentiles_96_99,1999,17.1,20.4,13.0,17.0,10.2
nonelderly_childless_hh,percentiles_96_99,2000,16.5,19.6,12.7,15.9,9.4
nonelderly_childless_hh,percentiles_96_99,2001,17.2,21.0,13.5,15.6,9.8
nonelderly_childless_hh,percentiles_96_99,2002,18.0,22.2,14.4,15.7,9.6
nonelderly_childless_hh,percentiles_96_99,2003,17.4,21.7,14.1,15.6,9.2
nonelderly_childless_hh,percentiles_96_99,2004,17.0,21.3,13.4,15.6,9.5
nonelderly_childless_hh,percentiles_96_99,2005,16.2,20.2,12.5,15.4,9.2
nonelderly_childless_hh,percentiles_96_99,2006,16.9,21.5,12.6,15.9,9.1
nonelderly_childless_hh,percentiles_96_99,2007,16.7,21.4,12.2,16.1,8.8
nonelderly_childless_hh,percentiles_96_99,2008,17.7,23.7,12.9,14.8,9.5
nonelderly_childless_hh,percentiles_96_99,2009,18.3,24.5,13.8,14.4,9.0
nonelderly_childless_hh,percentiles_96_99,2010,18.2,24.7,13.6,14.3,8.5
nonelderly_childless_hh,percentiles_96_99,2011,17.9,23.1,13.3,14.1,8.5
nonelderly_childless_hh,percentiles_96_99,2012,17.6,22.5,13.1,13.8,8.7
nonelderly_childless_hh,percentiles_96_99,2013,17.3,22.4,12.9,15.7,8.5
nonelderly_childless_hh,percentiles_96_99,2014,17.4,22.3,12.8,16.2,9.1
nonelderly_childless_hh,top_1_percent,1979,13.4,17.2,1.6,29.8,4.1
nonelderly_childless_hh,top_1_percent,1980,12.5,16.2,1.7,28.2,4.3
nonelderly_childless_hh,top_1_percent,1981,11.2,14.7,1.9,28.4,4.1
nonelderly_childless_hh,top_1_percent,1982,11.8,16.6,2.4,31.2,4.1
nonelderly_childless_hh,top_1_percent,1983,12.1,17.4,2.4,29.6,4.7
nonelderly_childless_hh,top_1_percent,1984,12.3,18.0,2.1,29.8,4.7
nonelderly_childless_hh,top_1_percent,1985,13.3,19.6,2.2,32.7,5.0
nonelderly_childless_hh,top_1_percent,1986,14.0,21.1,2.1,32.2,5.8
nonelderly_childless_hh,top_1_percent,1987,14.1,21.4,2.4,29.1,4.3
nonelderly_childless_hh,top_1_percent,1988,17.1,26.0,2.6,34.4,5.3
nonelderly_childless_hh,top_1_percent,1989,15.0,22.7,2.6,32.0,5.0
nonelderly_childless_hh,top_1_percent,1990,16.2,24.7,2.7,35.2,4.7
nonelderly_childless_hh,top_1_percent,1991,15.4,23.6,3.5,33.1,4.5
nonelderly_childless_hh,top_1_percent,1992,17.6,27.1,3.5,35.7,4.3
nonelderly_childless_hh,top_1_percent,1993,17.8,27.3,3.5,35.2,4.7
nonelderly_childless_hh,top_1_percent,1994,18.1,27.0,4.2,37.6,4.3
nonelderly_childless_hh,top_1_percent,1995,17.9,27.0,3.8,34.5,4.6
nonelderly_childless_hh,top_1_percent,1996,19.5,29.2,4.0,35.9,4.5
nonelderly_childless_hh,top_1_percent,1997,21.0,31.2,4.2,38.4,4.7
nonelderly_childless_hh,top_1_percent,1998,21.0,31.2,3.9,40.1,4.6
nonelderly_childless_hh,top_1_percent,1999,21.4,31.8,4.2,38.8,4.9
nonelderly_childless_hh,top_1_percent,2000,22.7,33.4,4.5,40.3,5.1
nonelderly_childless_hh,top_1_percent,2001,19.7,30.7,4.4,39.7,4.1
nonelderly_childless_hh,top_1_percent,2002,17.7,28.3,4.1,38.9,4.1
nonelderly_childless_hh,top_1_percent,2003,18.1,28.7,4.1,41.2,5.1
nonelderly_childless_hh,top_1_percent,2004,20.1,31.0,4.1,42.7,5.2
nonelderly_childless_hh,top_1_percent,2005,23.5,35.1,4.2,45.2,6.7
nonelderly_childless_hh,top_1_percent,2006,21.9,32.7,3.7,42.4,5.0
nonelderly_childless_hh,top_1_percent,2007,20.4,31.5,3.8,39.2,4.4
nonelderly_childless_hh,top_1_percent,2008,20.0,33.9,3.9,41.6,6.1
nonelderly_childless_hh,top_1_percent,2009,17.9,31.3,3.9,40.7,4.9
nonelderly_childless_hh,top_1_percent,2010,18.1,30.1,3.8,41.6,5.0
nonelderly_childless_hh,top_1_percent,2011,18.6,28.1,4.1,41.6,4.9
nonelderly_childless_hh,top_1_percent,2012,20.7,30.4,4.0,45.1,5.2
nonelderly_childless_hh,top_1_percent,2013,19.0,30.1,4.0,38.6,5.6
nonelderly_childless_hh,top_1_percent,2014,19.8,31.5,4.0,38.1,4.0
